question1,question2,score
two-sum,3sum,1.0
two-sum,4sum,1.0
two-sum,two-sum-ii-input-array-is-sorted,1.0
two-sum,two-sum-iii-data-structure-design,1.0
two-sum,subarray-sum-equals-k,1.0
two-sum,two-sum-iv-input-is-a-bst,1.0
two-sum,two-sum-less-than-k,1.0
two-sum,max-number-of-k-sum-pairs,1.0
two-sum,count-good-meals,1.0
two-sum,count-number-of-pairs-with-absolute-difference-k,1.0
two-sum,number-of-pairs-of-strings-with-concatenation-equal-to-target,1.0
two-sum,find-all-k-distant-indices-in-an-array,1.0
two-sum,first-letter-to-appear-twice,1.0
two-sum,number-of-excellent-pairs,1.0
two-sum,number-of-arithmetic-triplets,1.0
two-sum,node-with-highest-edge-score,1.0
two-sum,check-distances-between-same-letters,1.0
two-sum,find-subarrays-with-equal-sum,1.0
two-sum,largest-positive-integer-that-exists-with-its-negative,1.0
two-sum,number-of-distinct-averages,1.0
two-sum,count-pairs-whose-sum-is-less-than-target,1.0
add-two-numbers,multiply-strings,1.0
add-two-numbers,add-binary,1.0
add-two-numbers,sum-of-two-integers,1.0
add-two-numbers,add-strings,1.0
add-two-numbers,add-two-numbers-ii,1.0
add-two-numbers,add-to-array-form-of-integer,1.0
add-two-numbers,add-two-polynomials-represented-as-linked-lists,1.0
add-two-numbers,double-a-number-represented-as-a-linked-list,1.0
longest-substring-without-repeating-characters,longest-substring-with-at-most-two-distinct-characters,1.0
longest-substring-without-repeating-characters,longest-substring-with-at-most-k-distinct-characters,1.0
longest-substring-without-repeating-characters,subarrays-with-k-different-integers,1.0
longest-substring-without-repeating-characters,maximum-erasure-value,1.0
longest-substring-without-repeating-characters,number-of-equal-count-substrings,1.0
longest-substring-without-repeating-characters,minimum-consecutive-cards-to-pick-up,1.0
longest-substring-without-repeating-characters,longest-nice-subarray,1.0
longest-substring-without-repeating-characters,optimal-partition-of-string,1.0
longest-substring-without-repeating-characters,count-complete-subarrays-in-an-array,1.0
longest-substring-without-repeating-characters,find-longest-special-substring-that-occurs-thrice-ii,1.0
longest-substring-without-repeating-characters,find-longest-special-substring-that-occurs-thrice-i,1.0
median-of-two-sorted-arrays,median-of-a-row-wise-sorted-matrix,1.0
longest-palindromic-substring,shortest-palindrome,1.0
longest-palindromic-substring,palindrome-permutation,1.0
longest-palindromic-substring,palindrome-pairs,1.0
longest-palindromic-substring,longest-palindromic-subsequence,1.0
longest-palindromic-substring,palindromic-substrings,1.0
longest-palindromic-substring,maximum-number-of-non-overlapping-palindrome-substrings,1.0
reverse-integer,string-to-integer-atoi,1.0
reverse-integer,reverse-bits,1.0
reverse-integer,a-number-after-a-double-reversal,1.0
reverse-integer,count-number-of-distinct-integers-after-reverse-operations,1.0
string-to-integer-atoi,valid-number,1.0
string-to-integer-atoi,check-if-numbers-are-ascending-in-a-sentence,1.0
palindrome-number,palindrome-linked-list,1.0
palindrome-number,find-palindrome-with-fixed-length,1.0
palindrome-number,strictly-palindromic-number,1.0
palindrome-number,count-symmetric-integers,1.0
palindrome-number,find-the-count-of-good-integers,1.0
palindrome-number,find-the-largest-palindrome-divisible-by-k,1.0
regular-expression-matching,wildcard-matching,1.0
container-with-most-water,trapping-rain-water,1.0
container-with-most-water,maximum-tastiness-of-candy-basket,1.0
container-with-most-water,house-robber-iv,1.0
integer-to-roman,roman-to-integer,1.0
integer-to-roman,integer-to-english-words,1.0
longest-common-prefix,smallest-missing-integer-greater-than-sequential-prefix-sum,1.0
longest-common-prefix,find-the-length-of-the-longest-common-prefix,1.0
longest-common-prefix,longest-common-suffix-queries,1.0
longest-common-prefix,longest-common-prefix-after-at-most-one-removal,1.0
3sum,3sum-closest,1.0
3sum,4sum,1.0
3sum,3sum-smaller,1.0
3sum,number-of-arithmetic-triplets,1.0
3sum,minimum-sum-of-mountain-triplets-i,1.0
3sum,minimum-sum-of-mountain-triplets-ii,1.0
3sum-closest,3sum-smaller,1.0
letter-combinations-of-a-phone-number,generate-parentheses,1.0
letter-combinations-of-a-phone-number,combination-sum,1.0
letter-combinations-of-a-phone-number,binary-watch,1.0
letter-combinations-of-a-phone-number,count-number-of-texts,1.0
letter-combinations-of-a-phone-number,minimum-number-of-pushes-to-type-word-i,1.0
letter-combinations-of-a-phone-number,minimum-number-of-pushes-to-type-word-ii,1.0
4sum,4sum-ii,1.0
4sum,count-special-quadruplets,1.0
remove-nth-node-from-end-of-list,swapping-nodes-in-a-linked-list,1.0
remove-nth-node-from-end-of-list,delete-n-nodes-after-m-nodes-of-a-linked-list,1.0
remove-nth-node-from-end-of-list,delete-the-middle-node-of-a-linked-list,1.0
valid-parentheses,generate-parentheses,1.0
valid-parentheses,longest-valid-parentheses,1.0
valid-parentheses,remove-invalid-parentheses,1.0
valid-parentheses,check-if-word-is-valid-after-substitutions,1.0
valid-parentheses,check-if-a-parentheses-string-can-be-valid,1.0
valid-parentheses,move-pieces-to-obtain-a-string,1.0
merge-two-sorted-lists,merge-k-sorted-lists,1.0
merge-two-sorted-lists,merge-sorted-array,1.0
merge-two-sorted-lists,sort-list,1.0
merge-two-sorted-lists,shortest-word-distance-ii,1.0
merge-two-sorted-lists,add-two-polynomials-represented-as-linked-lists,1.0
merge-two-sorted-lists,longest-common-subsequence-between-sorted-arrays,1.0
merge-two-sorted-lists,merge-two-2d-arrays-by-summing-values,1.0
generate-parentheses,check-if-a-parentheses-string-can-be-valid,1.0
merge-k-sorted-lists,ugly-number-ii,1.0
merge-k-sorted-lists,smallest-subarrays-with-maximum-bitwise-or,1.0
swap-nodes-in-pairs,reverse-nodes-in-k-group,1.0
swap-nodes-in-pairs,swapping-nodes-in-a-linked-list,1.0
reverse-nodes-in-k-group,swapping-nodes-in-a-linked-list,1.0
reverse-nodes-in-k-group,reverse-nodes-in-even-length-groups,1.0
remove-duplicates-from-sorted-array,remove-element,1.0
remove-duplicates-from-sorted-array,remove-duplicates-from-sorted-array-ii,1.0
remove-duplicates-from-sorted-array,apply-operations-to-an-array,1.0
remove-duplicates-from-sorted-array,sum-of-distances,1.0
remove-element,remove-linked-list-elements,1.0
remove-element,move-zeroes,1.0
find-the-index-of-the-first-occurrence-in-a-string,shortest-palindrome,1.0
find-the-index-of-the-first-occurrence-in-a-string,repeated-substring-pattern,1.0
substring-with-concatenation-of-all-words,minimum-window-substring,1.0
next-permutation,permutations,1.0
next-permutation,permutations-ii,1.0
next-permutation,permutation-sequence,1.0
next-permutation,palindrome-permutation-ii,1.0
next-permutation,minimum-adjacent-swaps-to-reach-the-kth-smallest-number,1.0
search-in-rotated-sorted-array,search-in-rotated-sorted-array-ii,1.0
search-in-rotated-sorted-array,find-minimum-in-rotated-sorted-array,1.0
search-in-rotated-sorted-array,pour-water-between-buckets-to-make-water-levels-equal,1.0
find-first-and-last-position-of-element-in-sorted-array,first-bad-version,1.0
find-first-and-last-position-of-element-in-sorted-array,plates-between-candles,1.0
find-first-and-last-position-of-element-in-sorted-array,find-target-indices-after-sorting-array,1.0
search-insert-position,first-bad-version,1.0
search-insert-position,minimum-operations-to-exceed-threshold-value-i,1.0
valid-sudoku,sudoku-solver,1.0
valid-sudoku,check-if-every-row-and-column-contains-all-numbers,1.0
sudoku-solver,unique-paths-iii,1.0
count-and-say,encode-and-decode-strings,1.0
count-and-say,string-compression,1.0
combination-sum,combination-sum-ii,1.0
combination-sum,combinations,1.0
combination-sum,combination-sum-iii,1.0
combination-sum,factor-combinations,1.0
combination-sum,combination-sum-iv,1.0
combination-sum,the-number-of-ways-to-make-the-sum,1.0
first-missing-positive,missing-number,1.0
first-missing-positive,find-the-duplicate-number,1.0
first-missing-positive,find-all-numbers-disappeared-in-an-array,1.0
first-missing-positive,couples-holding-hands,1.0
first-missing-positive,smallest-number-in-infinite-set,1.0
first-missing-positive,maximum-number-of-integers-to-choose-from-a-range-i,1.0
first-missing-positive,smallest-missing-non-negative-integer-after-operations,1.0
first-missing-positive,maximum-number-of-integers-to-choose-from-a-range-ii,1.0
first-missing-positive,smallest-missing-integer-greater-than-sequential-prefix-sum,1.0
trapping-rain-water,product-of-array-except-self,1.0
trapping-rain-water,trapping-rain-water-ii,1.0
trapping-rain-water,pour-water,1.0
trapping-rain-water,maximum-value-of-an-ordered-triplet-ii,1.0
multiply-strings,plus-one,1.0
multiply-strings,add-binary,1.0
multiply-strings,add-strings,1.0
multiply-strings,apply-discount-to-prices,1.0
wildcard-matching,substring-matching-pattern,1.0
jump-game-ii,jump-game,1.0
jump-game-ii,jump-game-iii,1.0
jump-game-ii,jump-game-vii,1.0
jump-game-ii,jump-game-viii,1.0
jump-game-ii,minimum-number-of-visited-cells-in-a-grid,1.0
jump-game-ii,maximum-number-of-jumps-to-reach-the-last-index,1.0
jump-game-ii,visit-array-positions-to-maximize-score,1.0
permutations,permutations-ii,1.0
permutations,permutation-sequence,1.0
permutations,combinations,1.0
permutations-ii,palindrome-permutation-ii,1.0
permutations-ii,number-of-squareful-arrays,1.0
rotate-image,determine-whether-matrix-can-be-obtained-by-rotation,1.0
group-anagrams,valid-anagram,1.0
group-anagrams,group-shifted-strings,1.0
group-anagrams,find-resultant-array-after-removing-anagrams,1.0
group-anagrams,count-anagrams,1.0
powx-n,sqrtx,1.0
powx-n,super-pow,1.0
powx-n,count-collisions-of-monkeys-on-a-polygon,1.0
n-queens,n-queens-ii,1.0
n-queens,grid-illumination,1.0
maximum-subarray,best-time-to-buy-and-sell-stock,1.0
maximum-subarray,maximum-product-subarray,1.0
maximum-subarray,degree-of-an-array,1.0
maximum-subarray,longest-turbulent-subarray,1.0
maximum-subarray,maximum-score-of-spliced-array,1.0
maximum-subarray,maximum-absolute-sum-of-any-subarray,1.0
maximum-subarray,maximum-subarray-sum-after-one-operation,1.0
maximum-subarray,substring-with-largest-variance,1.0
maximum-subarray,count-subarrays-with-score-less-than-k,1.0
maximum-subarray,maximum-value-of-a-string-in-an-array,1.0
maximum-subarray,find-the-substring-with-maximum-cost,1.0
maximum-subarray,k-items-with-the-maximum-sum,1.0
maximum-subarray,maximum-good-subarray-sum,1.0
maximum-subarray,maximize-subarray-sum-after-removing-all-occurrences-of-one-element,1.0
spiral-matrix,spiral-matrix-ii,1.0
spiral-matrix,spiral-matrix-iii,1.0
spiral-matrix,spiral-matrix-iv,1.0
jump-game,jump-game-iii,1.0
jump-game,jump-game-vii,1.0
jump-game,jump-game-viii,1.0
jump-game,minimum-number-of-visited-cells-in-a-grid,1.0
jump-game,largest-element-in-an-array-after-merge-operations,1.0
merge-intervals,insert-interval,1.0
merge-intervals,meeting-rooms,1.0
merge-intervals,meeting-rooms-ii,1.0
merge-intervals,teemo-attacking,1.0
merge-intervals,add-bold-tag-in-string,1.0
merge-intervals,range-module,1.0
merge-intervals,employee-free-time,1.0
merge-intervals,partition-labels,1.0
merge-intervals,interval-list-intersections,1.0
merge-intervals,amount-of-new-area-painted-each-day,1.0
merge-intervals,longest-substring-of-one-repeating-character,1.0
merge-intervals,count-integers-in-intervals,1.0
merge-intervals,divide-intervals-into-minimum-number-of-groups,1.0
merge-intervals,determine-if-two-events-have-conflict,1.0
merge-intervals,count-ways-to-group-overlapping-ranges,1.0
merge-intervals,points-that-intersect-with-cars,1.0
merge-intervals,count-days-without-meetings,1.0
merge-intervals,minimize-connected-groups-by-inserting-interval,1.0
insert-interval,range-module,1.0
insert-interval,count-integers-in-intervals,1.0
spiral-matrix-ii,spiral-matrix-iii,1.0
spiral-matrix-ii,spiral-matrix-iv,1.0
rotate-list,rotate-array,1.0
rotate-list,split-linked-list-in-parts,1.0
unique-paths,unique-paths-ii,1.0
unique-paths,minimum-path-sum,1.0
unique-paths,dungeon-game,1.0
unique-paths,minimum-path-cost-in-a-grid,1.0
unique-paths,minimum-cost-homecoming-of-a-robot-in-a-grid,1.0
unique-paths,number-of-ways-to-reach-a-position-after-exactly-k-steps,1.0
unique-paths,paths-in-matrix-whose-sum-is-divisible-by-k,1.0
unique-paths-ii,unique-paths-iii,1.0
unique-paths-ii,minimum-path-cost-in-a-grid,1.0
unique-paths-ii,paths-in-matrix-whose-sum-is-divisible-by-k,1.0
minimum-path-sum,dungeon-game,1.0
minimum-path-sum,cherry-pickup,1.0
minimum-path-sum,minimum-path-cost-in-a-grid,1.0
minimum-path-sum,maximum-number-of-points-with-cost,1.0
minimum-path-sum,minimum-cost-homecoming-of-a-robot-in-a-grid,1.0
minimum-path-sum,paths-in-matrix-whose-sum-is-divisible-by-k,1.0
minimum-path-sum,check-if-there-is-a-path-with-equal-number-of-0s-and-1s,1.0
minimum-path-sum,minimum-cost-of-a-path-with-special-roads,1.0
plus-one,add-binary,1.0
plus-one,plus-one-linked-list,1.0
plus-one,add-to-array-form-of-integer,1.0
plus-one,minimum-operations-to-reduce-an-integer-to-0,1.0
add-binary,add-to-array-form-of-integer,1.0
text-justification,rearrange-spaces-between-words,1.0
text-justification,divide-a-string-into-groups-of-size-k,1.0
text-justification,split-message-based-on-limit,1.0
sqrtx,valid-perfect-square,1.0
climbing-stairs,min-cost-climbing-stairs,1.0
climbing-stairs,fibonacci-number,1.0
climbing-stairs,n-th-tribonacci-number,1.0
climbing-stairs,minimum-rounds-to-complete-all-tasks,1.0
climbing-stairs,count-number-of-ways-to-place-houses,1.0
climbing-stairs,number-of-ways-to-reach-a-position-after-exactly-k-steps,1.0
climbing-stairs,count-ways-to-build-good-strings,1.0
climbing-stairs,frog-jump-ii,1.0
climbing-stairs,find-number-of-ways-to-reach-the-k-th-stair,1.0
climbing-stairs,the-number-of-ways-to-make-the-sum,1.0
edit-distance,one-edit-distance,1.0
edit-distance,delete-operation-for-two-strings,1.0
edit-distance,minimum-ascii-delete-sum-for-two-strings,1.0
edit-distance,uncrossed-lines,1.0
edit-distance,minimum-white-tiles-after-covering-with-carpets,1.0
edit-distance,longest-palindrome-after-substring-concatenation-ii,1.0
edit-distance,minimum-steps-to-convert-string-with-operations,1.0
set-matrix-zeroes,game-of-life,1.0
set-matrix-zeroes,number-of-laser-beams-in-a-bank,1.0
set-matrix-zeroes,minimum-operations-to-remove-adjacent-ones-in-matrix,1.0
set-matrix-zeroes,remove-all-ones-with-row-and-column-flips-ii,1.0
search-a-2d-matrix,search-a-2d-matrix-ii,1.0
search-a-2d-matrix,split-message-based-on-limit,1.0
sort-colors,sort-list,1.0
sort-colors,wiggle-sort,1.0
sort-colors,wiggle-sort-ii,1.0
minimum-window-substring,minimum-size-subarray-sum,1.0
minimum-window-substring,sliding-window-maximum,1.0
minimum-window-substring,permutation-in-string,1.0
minimum-window-substring,smallest-range-covering-elements-from-k-lists,1.0
minimum-window-substring,minimum-window-subsequence,1.0
minimum-window-substring,count-substrings-that-can-be-rearranged-to-contain-a-string-ii,1.0
minimum-window-substring,count-substrings-that-can-be-rearranged-to-contain-a-string-i,1.0
subsets,subsets-ii,1.0
subsets,generalized-abbreviation,1.0
subsets,letter-case-permutation,1.0
subsets,find-array-given-subset-sums,1.0
subsets,count-number-of-maximum-bitwise-or-subsets,1.0
word-search,word-search-ii,1.0
remove-duplicates-from-sorted-list-ii,remove-duplicates-from-sorted-list,1.0
remove-duplicates-from-sorted-list-ii,remove-duplicates-from-an-unsorted-linked-list,1.0
remove-duplicates-from-sorted-list,remove-duplicates-from-an-unsorted-linked-list,1.0
largest-rectangle-in-histogram,maximal-rectangle,1.0
largest-rectangle-in-histogram,maximum-score-of-a-good-subarray,1.0
maximal-rectangle,maximal-square,1.0
maximal-rectangle,find-sorted-submatrices-with-maximum-element-at-most-k,1.0
partition-list,partition-array-according-to-given-pivot,1.0
merge-sorted-array,squares-of-a-sorted-array,1.0
merge-sorted-array,interval-list-intersections,1.0
merge-sorted-array,take-k-of-each-character-from-left-and-right,1.0
gray-code,1-bit-and-2-bit-characters,1.0
subsets-ii,find-array-given-subset-sums,1.0
decode-ways,decode-ways-ii,1.0
decode-ways,number-of-ways-to-separate-numbers,1.0
decode-ways,count-number-of-texts,1.0
reverse-linked-list-ii,reverse-linked-list,1.0
restore-ip-addresses,ip-to-cidr,1.0
binary-tree-inorder-traversal,validate-binary-search-tree,1.0
binary-tree-inorder-traversal,binary-tree-preorder-traversal,1.0
binary-tree-inorder-traversal,binary-tree-postorder-traversal,1.0
binary-tree-inorder-traversal,binary-search-tree-iterator,1.0
binary-tree-inorder-traversal,kth-smallest-element-in-a-bst,1.0
binary-tree-inorder-traversal,closest-binary-search-tree-value-ii,1.0
binary-tree-inorder-traversal,inorder-successor-in-bst,1.0
binary-tree-inorder-traversal,convert-binary-search-tree-to-sorted-doubly-linked-list,1.0
binary-tree-inorder-traversal,minimum-distance-between-bst-nodes,1.0
unique-binary-search-trees-ii,unique-binary-search-trees,1.0
unique-binary-search-trees-ii,different-ways-to-add-parentheses,1.0
validate-binary-search-tree,find-mode-in-binary-search-tree,1.0
binary-tree-level-order-traversal,binary-tree-zigzag-level-order-traversal,1.0
binary-tree-level-order-traversal,binary-tree-level-order-traversal-ii,1.0
binary-tree-level-order-traversal,minimum-depth-of-binary-tree,1.0
binary-tree-level-order-traversal,binary-tree-vertical-order-traversal,1.0
binary-tree-level-order-traversal,average-of-levels-in-binary-tree,1.0
binary-tree-level-order-traversal,n-ary-tree-level-order-traversal,1.0
binary-tree-level-order-traversal,cousins-in-binary-tree,1.0
binary-tree-level-order-traversal,minimum-number-of-operations-to-sort-a-binary-tree-by-level,1.0
binary-tree-level-order-traversal,divide-nodes-into-the-maximum-number-of-groups,1.0
binary-tree-zigzag-level-order-traversal,zigzag-grid-traversal-with-skip,1.0
maximum-depth-of-binary-tree,balanced-binary-tree,1.0
maximum-depth-of-binary-tree,minimum-depth-of-binary-tree,1.0
maximum-depth-of-binary-tree,maximum-depth-of-n-ary-tree,1.0
maximum-depth-of-binary-tree,time-needed-to-inform-all-employees,1.0
maximum-depth-of-binary-tree,amount-of-time-for-binary-tree-to-be-infected,1.0
maximum-depth-of-binary-tree,height-of-binary-tree-after-subtree-removal-queries,1.0
construct-binary-tree-from-preorder-and-inorder-traversal,construct-binary-tree-from-inorder-and-postorder-traversal,1.0
binary-tree-level-order-traversal-ii,average-of-levels-in-binary-tree,1.0
convert-sorted-array-to-binary-search-tree,convert-sorted-list-to-binary-search-tree,1.0
convert-sorted-list-to-binary-search-tree,create-binary-tree-from-descriptions,1.0
balanced-binary-tree,k-th-largest-perfect-subtree-size-in-binary-tree,1.0
balanced-binary-tree,check-balanced-string,1.0
path-sum,path-sum-ii,1.0
path-sum,binary-tree-maximum-path-sum,1.0
path-sum,sum-root-to-leaf-numbers,1.0
path-sum,path-sum-iii,1.0
path-sum,path-sum-iv,1.0
path-sum-ii,binary-tree-paths,1.0
path-sum-ii,path-sum-iii,1.0
path-sum-ii,path-sum-iv,1.0
path-sum-ii,step-by-step-directions-from-a-binary-tree-node-to-another,1.0
flatten-binary-tree-to-linked-list,flatten-a-multilevel-doubly-linked-list,1.0
flatten-binary-tree-to-linked-list,correct-a-binary-tree,1.0
distinct-subsequences,number-of-unique-good-subsequences,1.0
populating-next-right-pointers-in-each-node,populating-next-right-pointers-in-each-node-ii,1.0
populating-next-right-pointers-in-each-node,binary-tree-right-side-view,1.0
populating-next-right-pointers-in-each-node,cycle-length-queries-in-a-tree,1.0
pascals-triangle,pascals-triangle-ii,1.0
pascals-triangle,check-if-digits-are-equal-in-string-after-operations-ii,1.0
pascals-triangle-ii,find-triangular-sum-of-an-array,1.0
best-time-to-buy-and-sell-stock,best-time-to-buy-and-sell-stock-ii,1.0
best-time-to-buy-and-sell-stock,best-time-to-buy-and-sell-stock-iii,1.0
best-time-to-buy-and-sell-stock,best-time-to-buy-and-sell-stock-iv,1.0
best-time-to-buy-and-sell-stock,best-time-to-buy-and-sell-stock-with-cooldown,1.0
best-time-to-buy-and-sell-stock,sum-of-beauty-in-the-array,1.0
best-time-to-buy-and-sell-stock,maximum-difference-between-increasing-elements,1.0
best-time-to-buy-and-sell-stock,maximum-profit-from-trading-stocks,1.0
best-time-to-buy-and-sell-stock,best-time-to-buy-and-sell-stock-v,1.0
best-time-to-buy-and-sell-stock-ii,best-time-to-buy-and-sell-stock-iii,1.0
best-time-to-buy-and-sell-stock-ii,best-time-to-buy-and-sell-stock-iv,1.0
best-time-to-buy-and-sell-stock-ii,best-time-to-buy-and-sell-stock-with-cooldown,1.0
best-time-to-buy-and-sell-stock-ii,best-time-to-buy-and-sell-stock-with-transaction-fee,1.0
best-time-to-buy-and-sell-stock-ii,maximum-profit-from-trading-stocks,1.0
best-time-to-buy-and-sell-stock-iii,best-time-to-buy-and-sell-stock-iv,1.0
best-time-to-buy-and-sell-stock-iii,maximum-sum-of-3-non-overlapping-subarrays,1.0
best-time-to-buy-and-sell-stock-iii,maximum-profit-from-trading-stocks,1.0
best-time-to-buy-and-sell-stock-iii,maximize-win-from-two-segments,1.0
binary-tree-maximum-path-sum,sum-root-to-leaf-numbers,1.0
binary-tree-maximum-path-sum,path-sum-iv,1.0
binary-tree-maximum-path-sum,longest-univalue-path,1.0
binary-tree-maximum-path-sum,time-needed-to-inform-all-employees,1.0
binary-tree-maximum-path-sum,difference-between-maximum-and-minimum-price-sum,1.0
valid-palindrome,palindrome-linked-list,1.0
valid-palindrome,valid-palindrome-ii,1.0
valid-palindrome,maximum-product-of-the-length-of-two-palindromic-subsequences,1.0
valid-palindrome,find-first-palindromic-string-in-the-array,1.0
valid-palindrome,valid-palindrome-iv,1.0
valid-palindrome,maximum-palindromes-after-operations,1.0
word-ladder-ii,word-ladder,1.0
word-ladder-ii,groups-of-strings,1.0
word-ladder,minimum-genetic-mutation,1.0
word-ladder,words-within-two-edits-of-dictionary,1.0
longest-consecutive-sequence,binary-tree-longest-consecutive-sequence,1.0
longest-consecutive-sequence,find-three-consecutive-integers-that-sum-to-a-given-number,1.0
longest-consecutive-sequence,maximum-consecutive-floors-without-special-floors,1.0
longest-consecutive-sequence,length-of-the-longest-alphabetical-continuous-substring,1.0
longest-consecutive-sequence,find-the-maximum-number-of-elements-in-subset,1.0
sum-root-to-leaf-numbers,smallest-string-starting-from-leaf,1.0
surrounded-regions,number-of-islands,1.0
surrounded-regions,walls-and-gates,1.0
palindrome-partitioning,palindrome-partitioning-ii,1.0
palindrome-partitioning,palindrome-partitioning-iv,1.0
palindrome-partitioning,maximum-number-of-non-overlapping-palindrome-substrings,1.0
palindrome-partitioning-ii,palindrome-partitioning-iv,1.0
palindrome-partitioning-ii,maximum-number-of-non-overlapping-palindrome-substrings,1.0
palindrome-partitioning-ii,number-of-great-partitions,1.0
clone-graph,copy-list-with-random-pointer,1.0
clone-graph,clone-binary-tree-with-random-pointer,1.0
clone-graph,clone-n-ary-tree,1.0
gas-station,maximize-the-topmost-element-after-k-moves,1.0
candy,minimize-maximum-value-in-a-grid,1.0
candy,minimum-number-of-operations-to-satisfy-conditions,1.0
candy,check-if-grid-satisfies-conditions,1.0
single-number,single-number-ii,1.0
single-number,single-number-iii,1.0
single-number,missing-number,1.0
single-number,find-the-duplicate-number,1.0
single-number,find-the-difference,1.0
single-number,find-the-xor-of-numbers-which-appear-twice,1.0
single-number-ii,single-number-iii,1.0
single-number-ii,find-the-xor-of-numbers-which-appear-twice,1.0
copy-list-with-random-pointer,clone-binary-tree-with-random-pointer,1.0
copy-list-with-random-pointer,clone-n-ary-tree,1.0
word-break,word-break-ii,1.0
word-break,extra-characters-in-a-string,1.0
word-break-ii,concatenated-words,1.0
linked-list-cycle,linked-list-cycle-ii,1.0
linked-list-cycle,happy-number,1.0
linked-list-cycle-ii,find-the-duplicate-number,1.0
reorder-list,delete-the-middle-node-of-a-linked-list,1.0
reorder-list,take-k-of-each-character-from-left-and-right,1.0
binary-tree-preorder-traversal,verify-preorder-sequence-in-binary-search-tree,1.0
binary-tree-preorder-traversal,n-ary-tree-preorder-traversal,1.0
binary-tree-preorder-traversal,kth-largest-sum-in-a-binary-tree,1.0
binary-tree-postorder-traversal,n-ary-tree-postorder-traversal,1.0
binary-tree-postorder-traversal,minimum-fuel-cost-to-report-to-the-capital,1.0
lru-cache,lfu-cache,1.0
lru-cache,design-in-memory-file-system,1.0
lru-cache,design-compressed-string-iterator,1.0
lru-cache,design-most-recently-used-queue,1.0
insertion-sort-list,sort-list,1.0
insertion-sort-list,insert-into-a-sorted-circular-linked-list,1.0
sort-list,sort-linked-list-already-sorted-using-absolute-values,1.0
max-points-on-a-line,line-reflection,1.0
max-points-on-a-line,minimum-number-of-lines-to-cover-points,1.0
max-points-on-a-line,minimum-lines-to-represent-a-line-chart,1.0
max-points-on-a-line,count-special-subsequences,1.0
evaluate-reverse-polish-notation,basic-calculator,1.0
evaluate-reverse-polish-notation,expression-add-operators,1.0
reverse-words-in-a-string,reverse-words-in-a-string-ii,1.0
maximum-product-subarray,house-robber,1.0
maximum-product-subarray,product-of-array-except-self,1.0
maximum-product-subarray,maximum-product-of-three-numbers,1.0
maximum-product-subarray,subarray-product-less-than-k,1.0
find-minimum-in-rotated-sorted-array,find-minimum-in-rotated-sorted-array-ii,1.0
min-stack,sliding-window-maximum,1.0
min-stack,max-stack,1.0
binary-tree-upside-down,reverse-linked-list,1.0
read-n-characters-given-read4,read-n-characters-given-read4-ii-call-multiple-times,1.0
longest-substring-with-at-most-two-distinct-characters,sliding-window-maximum,1.0
longest-substring-with-at-most-two-distinct-characters,longest-substring-with-at-most-k-distinct-characters,1.0
longest-substring-with-at-most-two-distinct-characters,subarrays-with-k-different-integers,1.0
intersection-of-two-linked-lists,minimum-index-sum-of-two-lists,1.0
find-peak-element,peak-index-in-a-mountain-array,1.0
find-peak-element,find-a-peak-element-ii,1.0
find-peak-element,pour-water-between-buckets-to-make-water-levels-equal,1.0
find-peak-element,count-hills-and-valleys-in-an-array,1.0
find-peak-element,find-the-peaks,1.0
missing-ranges,summary-ranges,1.0
missing-ranges,find-maximal-uncovered-ranges,1.0
maximum-gap,widest-vertical-area-between-two-points-containing-no-points,1.0
maximum-gap,maximum-consecutive-floors-without-special-floors,1.0
two-sum-ii-input-array-is-sorted,two-sum-iv-input-is-a-bst,1.0
two-sum-ii-input-array-is-sorted,two-sum-less-than-k,1.0
excel-sheet-column-title,excel-sheet-column-number,1.0
excel-sheet-column-title,cells-in-a-range-on-an-excel-sheet,1.0
excel-sheet-column-title,design-spreadsheet,1.0
majority-element,majority-element-ii,1.0
majority-element,check-if-a-number-is-majority-element-in-a-sorted-array,1.0
majority-element,most-frequent-even-element,1.0
majority-element,minimum-index-of-a-valid-split,1.0
majority-element,minimum-operations-to-exceed-threshold-value-i,1.0
majority-element,find-the-most-common-response,1.0
majority-element,find-valid-pair-of-adjacent-digits-in-string,1.0
two-sum-iii-data-structure-design,unique-word-abbreviation,1.0
two-sum-iii-data-structure-design,two-sum-iv-input-is-a-bst,1.0
excel-sheet-column-number,cells-in-a-range-on-an-excel-sheet,1.0
factorial-trailing-zeroes,number-of-digit-one,1.0
factorial-trailing-zeroes,preimage-size-of-factorial-zeroes-function,1.0
factorial-trailing-zeroes,abbreviating-the-product-of-a-range,1.0
factorial-trailing-zeroes,maximum-trailing-zeros-in-a-cornered-path,1.0
binary-search-tree-iterator,flatten-2d-vector,1.0
binary-search-tree-iterator,zigzag-iterator,1.0
binary-search-tree-iterator,peeking-iterator,1.0
binary-search-tree-iterator,inorder-successor-in-bst,1.0
binary-search-tree-iterator,binary-search-tree-iterator-ii,1.0
dungeon-game,cherry-pickup,1.0
dungeon-game,minimum-path-cost-in-a-grid,1.0
dungeon-game,minimum-health-to-beat-game,1.0
dungeon-game,paths-in-matrix-whose-sum-is-divisible-by-k,1.0
dungeon-game,check-if-there-is-a-path-with-equal-number-of-0s-and-1s,1.0
combine-two-tables,employee-bonus,1.0
nth-highest-salary,the-number-of-users-that-are-eligible-for-discount,1.0
largest-number,smallest-value-of-the-rearranged-number,1.0
largest-number,find-the-key-of-the-numbers,1.0
department-highest-salary,highest-grade-for-each-student,1.0
reverse-words-in-a-string-ii,rotate-array,1.0
best-time-to-buy-and-sell-stock-iv,maximum-profit-from-trading-stocks,1.0
rotate-array,make-k-subarray-sums-equal,1.0
rotate-array,maximum-number-of-matching-indices-after-right-shifts,1.0
reverse-bits,number-of-1-bits,1.0
reverse-bits,a-number-after-a-double-reversal,1.0
number-of-1-bits,power-of-two,1.0
number-of-1-bits,counting-bits,1.0
number-of-1-bits,binary-watch,1.0
number-of-1-bits,hamming-distance,1.0
number-of-1-bits,binary-number-with-alternating-bits,1.0
number-of-1-bits,prime-number-of-set-bits-in-binary-representation,1.0
number-of-1-bits,convert-date-to-binary,1.0
word-frequency,top-k-frequent-elements,1.0
house-robber,house-robber-ii,1.0
house-robber,paint-house,1.0
house-robber,paint-fence,1.0
house-robber,house-robber-iii,1.0
house-robber,non-negative-integers-without-consecutive-ones,1.0
house-robber,coin-path,1.0
house-robber,delete-and-earn,1.0
house-robber,solving-questions-with-brainpower,1.0
house-robber,count-number-of-ways-to-place-houses,1.0
house-robber,house-robber-iv,1.0
house-robber,mice-and-cheese,1.0
house-robber,largest-element-in-an-array-after-merge-operations,1.0
binary-tree-right-side-view,boundary-of-binary-tree,1.0
number-of-islands,walls-and-gates,1.0
number-of-islands,number-of-islands-ii,1.0
number-of-islands,number-of-connected-components-in-an-undirected-graph,1.0
number-of-islands,battleships-in-a-board,1.0
number-of-islands,number-of-distinct-islands,1.0
number-of-islands,max-area-of-island,1.0
number-of-islands,count-sub-islands,1.0
number-of-islands,find-all-groups-of-farmland,1.0
number-of-islands,count-unreachable-pairs-of-nodes-in-an-undirected-graph,1.0
number-of-islands,maximum-number-of-fish-in-a-grid,1.0
number-of-islands,count-islands-with-total-value-divisible-by-k,1.0
bitwise-and-of-numbers-range,longest-nice-subarray,1.0
happy-number,add-digits,1.0
happy-number,ugly-number,1.0
happy-number,sum-of-digits-of-string-after-convert,1.0
happy-number,minimum-addition-to-make-integer-beautiful,1.0
happy-number,smallest-value-after-replacing-with-sum-of-prime-factors,1.0
happy-number,count-the-digits-that-divide-a-number,1.0
remove-linked-list-elements,delete-node-in-a-linked-list,1.0
remove-linked-list-elements,delete-the-middle-node-of-a-linked-list,1.0
remove-linked-list-elements,delete-nodes-from-linked-list-present-in-array,1.0
remove-linked-list-elements,convert-doubly-linked-list-to-array-i,1.0
remove-linked-list-elements,convert-doubly-linked-list-to-array-ii,1.0
count-primes,ugly-number,1.0
count-primes,ugly-number-ii,1.0
count-primes,perfect-squares,1.0
count-primes,number-of-common-factors,1.0
count-primes,prime-pairs-with-target-sum,1.0
count-primes,find-the-count-of-numbers-which-are-not-special,1.0
isomorphic-strings,word-pattern,1.0
isomorphic-strings,find-and-replace-pattern,1.0
reverse-linked-list,palindrome-linked-list,1.0
reverse-linked-list,reverse-nodes-in-even-length-groups,1.0
reverse-linked-list,maximum-twin-sum-of-a-linked-list,1.0
reverse-linked-list,remove-nodes-from-linked-list,1.0
reverse-linked-list,insert-greatest-common-divisors-in-linked-list,1.0
course-schedule,course-schedule-ii,1.0
course-schedule,graph-valid-tree,1.0
course-schedule,minimum-height-trees,1.0
course-schedule,course-schedule-iii,1.0
course-schedule,build-a-matrix-with-conditions,1.0
implement-trie-prefix-tree,design-add-and-search-words-data-structure,1.0
implement-trie-prefix-tree,design-search-autocomplete-system,1.0
implement-trie-prefix-tree,replace-words,1.0
implement-trie-prefix-tree,implement-magic-dictionary,1.0
implement-trie-prefix-tree,encrypt-and-decrypt-strings,1.0
implement-trie-prefix-tree,implement-trie-ii-prefix-tree,1.0
implement-trie-prefix-tree,count-prefix-and-suffix-pairs-ii,1.0
implement-trie-prefix-tree,count-prefix-and-suffix-pairs-i,1.0
minimum-size-subarray-sum,maximum-size-subarray-sum-equals-k,1.0
minimum-size-subarray-sum,maximum-length-of-repeated-subarray,1.0
minimum-size-subarray-sum,minimum-operations-to-reduce-x-to-zero,1.0
minimum-size-subarray-sum,k-radius-subarray-averages,1.0
minimum-size-subarray-sum,maximum-product-after-k-increments,1.0
minimum-size-subarray-sum,shortest-subarray-with-or-at-least-k-i,1.0
minimum-size-subarray-sum,minimum-positive-sum-subarray,1.0
course-schedule-ii,alien-dictionary,1.0
course-schedule-ii,minimum-height-trees,1.0
course-schedule-ii,sequence-reconstruction,1.0
course-schedule-ii,course-schedule-iii,1.0
course-schedule-ii,parallel-courses,1.0
course-schedule-ii,find-all-possible-recipes-from-given-supplies,1.0
course-schedule-ii,build-a-matrix-with-conditions,1.0
course-schedule-ii,sort-array-by-moving-items-to-empty-space,1.0
design-add-and-search-words-data-structure,prefix-and-suffix-search,1.0
design-add-and-search-words-data-structure,match-substring-after-replacement,1.0
design-add-and-search-words-data-structure,sum-of-prefix-scores-of-strings,1.0
design-add-and-search-words-data-structure,count-prefix-and-suffix-pairs-ii,1.0
design-add-and-search-words-data-structure,count-prefix-and-suffix-pairs-i,1.0
word-search-ii,unique-paths-iii,1.0
word-search-ii,encrypt-and-decrypt-strings,1.0
house-robber-ii,paint-house,1.0
house-robber-ii,paint-fence,1.0
house-robber-ii,house-robber-iii,1.0
house-robber-ii,non-negative-integers-without-consecutive-ones,1.0
house-robber-ii,coin-path,1.0
shortest-palindrome,palindrome-pairs,1.0
shortest-palindrome,maximum-deletions-on-a-string,1.0
shortest-palindrome,smallest-palindromic-rearrangement-i,1.0
kth-largest-element-in-an-array,wiggle-sort-ii,1.0
kth-largest-element-in-an-array,top-k-frequent-elements,1.0
kth-largest-element-in-an-array,third-maximum-number,1.0
kth-largest-element-in-an-array,kth-largest-element-in-a-stream,1.0
kth-largest-element-in-an-array,k-closest-points-to-origin,1.0
kth-largest-element-in-an-array,find-the-kth-largest-integer-in-the-array,1.0
kth-largest-element-in-an-array,find-subsequence-of-length-k-with-the-largest-sum,1.0
kth-largest-element-in-an-array,k-highest-ranked-items-within-a-price-range,1.0
contains-duplicate,contains-duplicate-ii,1.0
contains-duplicate,contains-duplicate-iii,1.0
contains-duplicate,make-array-zero-by-subtracting-equal-amounts,1.0
contains-duplicate,find-valid-pair-of-adjacent-digits-in-string,1.0
the-skyline-problem,falling-squares,1.0
the-skyline-problem,shifting-letters-ii,1.0
contains-duplicate-ii,contains-duplicate-iii,1.0
maximal-square,largest-plus-sign,1.0
maximal-square,count-artifacts-that-can-be-extracted,1.0
maximal-square,stamping-the-grid,1.0
maximal-square,maximize-area-of-square-hole-in-grid,1.0
count-complete-tree-nodes,closest-binary-search-tree-value,1.0
rectangle-area,rectangle-overlap,1.0
rectangle-area,find-the-number-of-ways-to-place-people-ii,1.0
rectangle-area,find-the-number-of-ways-to-place-people-i,1.0
rectangle-area,find-the-largest-area-of-square-inside-two-rectangles,1.0
basic-calculator,basic-calculator-ii,1.0
basic-calculator,different-ways-to-add-parentheses,1.0
basic-calculator,expression-add-operators,1.0
basic-calculator,basic-calculator-iii,1.0
basic-calculator,the-score-of-students-solving-math-expression,1.0
basic-calculator,minimize-result-by-adding-parentheses-to-expression,1.0
implement-stack-using-queues,implement-queue-using-stacks,1.0
invert-binary-tree,reverse-odd-levels-of-binary-tree,1.0
basic-calculator-ii,expression-add-operators,1.0
basic-calculator-ii,basic-calculator-iii,1.0
summary-ranges,data-stream-as-disjoint-intervals,1.0
summary-ranges,find-maximal-uncovered-ranges,1.0
majority-element-ii,check-if-a-number-is-majority-element-in-a-sorted-array,1.0
majority-element-ii,most-frequent-even-element,1.0
kth-smallest-element-in-a-bst,second-minimum-node-in-a-binary-tree,1.0
power-of-two,power-of-three,1.0
power-of-two,power-of-four,1.0
number-of-digit-one,digit-count-in-range,1.0
palindrome-linked-list,maximum-twin-sum-of-a-linked-list,1.0
lowest-common-ancestor-of-a-binary-search-tree,lowest-common-ancestor-of-a-binary-tree,1.0
lowest-common-ancestor-of-a-binary-search-tree,smallest-common-region,1.0
lowest-common-ancestor-of-a-binary-search-tree,lowest-common-ancestor-of-a-binary-tree-ii,1.0
lowest-common-ancestor-of-a-binary-search-tree,lowest-common-ancestor-of-a-binary-tree-iii,1.0
lowest-common-ancestor-of-a-binary-search-tree,lowest-common-ancestor-of-a-binary-tree-iv,1.0
lowest-common-ancestor-of-a-binary-tree,smallest-common-region,1.0
lowest-common-ancestor-of-a-binary-tree,find-players-with-zero-or-one-losses,1.0
lowest-common-ancestor-of-a-binary-tree,lowest-common-ancestor-of-a-binary-tree-ii,1.0
lowest-common-ancestor-of-a-binary-tree,lowest-common-ancestor-of-a-binary-tree-iii,1.0
lowest-common-ancestor-of-a-binary-tree,lowest-common-ancestor-of-a-binary-tree-iv,1.0
lowest-common-ancestor-of-a-binary-tree,step-by-step-directions-from-a-binary-tree-node-to-another,1.0
lowest-common-ancestor-of-a-binary-tree,cycle-length-queries-in-a-tree,1.0
delete-node-in-a-linked-list,remove-nodes-from-linked-list,1.0
delete-node-in-a-linked-list,delete-nodes-from-linked-list-present-in-array,1.0
product-of-array-except-self,paint-house-ii,1.0
product-of-array-except-self,minimum-difference-in-sums-after-removal-of-elements,1.0
product-of-array-except-self,construct-product-matrix,1.0
product-of-array-except-self,find-sum-of-array-product-of-magical-sequences,1.0
sliding-window-maximum,paint-house-ii,1.0
sliding-window-maximum,jump-game-vi,1.0
sliding-window-maximum,maximum-number-of-robots-within-budget,1.0
sliding-window-maximum,maximum-tastiness-of-candy-basket,1.0
sliding-window-maximum,maximal-score-after-applying-k-operations,1.0
different-ways-to-add-parentheses,expression-add-operators,1.0
different-ways-to-add-parentheses,the-score-of-students-solving-math-expression,1.0
different-ways-to-add-parentheses,minimize-result-by-adding-parentheses-to-expression,1.0
valid-anagram,palindrome-permutation,1.0
valid-anagram,find-all-anagrams-in-a-string,1.0
valid-anagram,find-resultant-array-after-removing-anagrams,1.0
shortest-word-distance,shortest-word-distance-ii,1.0
shortest-word-distance,shortest-word-distance-iii,1.0
shortest-word-distance,find-all-k-distant-indices-in-an-array,1.0
shortest-word-distance-ii,shortest-word-distance-iii,1.0
strobogrammatic-number,strobogrammatic-number-ii,1.0
strobogrammatic-number,strobogrammatic-number-iii,1.0
strobogrammatic-number,confusing-number,1.0
strobogrammatic-number-ii,strobogrammatic-number-iii,1.0
strobogrammatic-number-ii,sum-of-k-mirror-numbers,1.0
group-shifted-strings,find-maximum-number-of-string-pairs,1.0
count-univalue-subtrees,subtree-of-another-tree,1.0
count-univalue-subtrees,longest-univalue-path,1.0
flatten-2d-vector,zigzag-iterator,1.0
flatten-2d-vector,peeking-iterator,1.0
flatten-2d-vector,flatten-nested-list-iterator,1.0
meeting-rooms,meeting-rooms-ii,1.0
meeting-rooms,meeting-rooms-iii,1.0
meeting-rooms,points-that-intersect-with-cars,1.0
meeting-rooms-ii,minimum-number-of-arrows-to-burst-balloons,1.0
meeting-rooms-ii,car-pooling,1.0
meeting-rooms-ii,number-of-flowers-in-full-bloom,1.0
meeting-rooms-ii,meeting-rooms-iii,1.0
meeting-rooms-ii,total-cost-to-hire-k-workers,1.0
meeting-rooms-ii,points-that-intersect-with-cars,1.0
paint-house,paint-house-ii,1.0
paint-house,paint-fence,1.0
paint-house,minimum-path-cost-in-a-grid,1.0
binary-tree-paths,smallest-string-starting-from-leaf,1.0
binary-tree-paths,step-by-step-directions-from-a-binary-tree-node-to-another,1.0
add-digits,sum-of-digits-in-the-minimum-number,1.0
add-digits,sum-of-digits-of-string-after-convert,1.0
add-digits,minimum-sum-of-four-digit-number-after-splitting-digits,1.0
add-digits,calculate-digit-sum-of-a-string,1.0
add-digits,difference-between-element-sum-and-digit-sum-of-an-array,1.0
add-digits,alternating-digit-sum,1.0
3sum-smaller,valid-triangle-number,1.0
3sum-smaller,two-sum-less-than-k,1.0
3sum-smaller,maximize-greatness-of-an-array,1.0
3sum-smaller,find-polygon-with-the-largest-perimeter,1.0
single-number-iii,find-the-original-array-of-prefix-xor,1.0
single-number-iii,find-the-xor-of-numbers-which-appear-twice,1.0
graph-valid-tree,number-of-connected-components-in-an-undirected-graph,1.0
graph-valid-tree,keys-and-rooms,1.0
trips-and-users,hopper-company-queries-i,1.0
trips-and-users,hopper-company-queries-ii,1.0
trips-and-users,hopper-company-queries-iii,1.0
ugly-number,ugly-number-ii,1.0
ugly-number-ii,perfect-squares,1.0
ugly-number-ii,super-ugly-number,1.0
ugly-number-ii,ugly-number-iii,1.0
paint-house-ii,paint-fence,1.0
palindrome-permutation,palindrome-permutation-ii,1.0
palindrome-permutation,longest-palindrome,1.0
missing-number,find-the-duplicate-number,1.0
missing-number,couples-holding-hands,1.0
missing-number,find-unique-binary-string,1.0
missing-number,find-the-largest-almost-missing-integer,1.0
closest-binary-search-tree-value,closest-binary-search-tree-value-ii,1.0
closest-binary-search-tree-value,search-in-a-binary-search-tree,1.0
closest-binary-search-tree-value,closest-nodes-queries-in-a-binary-search-tree,1.0
encode-and-decode-strings,serialize-and-deserialize-binary-tree,1.0
encode-and-decode-strings,string-compression,1.0
encode-and-decode-strings,count-binary-substrings,1.0
closest-binary-search-tree-value-ii,closest-nodes-queries-in-a-binary-search-tree,1.0
h-index,h-index-ii,1.0
find-the-celebrity,find-the-town-judge,1.0
first-bad-version,guess-number-higher-or-lower,1.0
perfect-squares,ways-to-express-an-integer-as-sum-of-powers,1.0
wiggle-sort,wiggle-sort-ii,1.0
wiggle-sort,array-with-elements-not-equal-to-average-of-neighbors,1.0
zigzag-iterator,peeking-iterator,1.0
zigzag-iterator,flatten-nested-list-iterator,1.0
zigzag-iterator,merge-strings-alternately,1.0
expression-add-operators,target-sum,1.0
move-zeroes,apply-operations-to-an-array,1.0
inorder-successor-in-bst,inorder-successor-in-bst-ii,1.0
walls-and-gates,shortest-distance-from-all-buildings,1.0
walls-and-gates,battleships-in-a-board,1.0
walls-and-gates,robot-room-cleaner,1.0
walls-and-gates,rotting-oranges,1.0
walls-and-gates,count-the-number-of-houses-at-a-certain-distance-i,1.0
walls-and-gates,count-the-number-of-houses-at-a-certain-distance-ii,1.0
find-the-duplicate-number,set-mismatch,1.0
unique-word-abbreviation,generalized-abbreviation,1.0
word-pattern,word-pattern-ii,1.0
word-pattern,find-and-replace-pattern,1.0
nim-game,flip-game-ii,1.0
flip-game,flip-game-ii,1.0
flip-game-ii,guess-number-higher-or-lower-ii,1.0
flip-game-ii,can-i-win,1.0
find-median-from-data-stream,sliding-window-median,1.0
find-median-from-data-stream,finding-mk-average,1.0
find-median-from-data-stream,sequentially-ordinal-rank-tracker,1.0
find-median-from-data-stream,minimum-operations-to-make-median-of-array-equal-to-k,1.0
find-median-from-data-stream,minimum-operations-to-make-subarray-elements-equal,1.0
find-median-from-data-stream,minimum-operations-to-make-elements-within-k-subarrays-equal,1.0
best-meeting-point,shortest-distance-from-all-buildings,1.0
best-meeting-point,minimum-moves-to-equal-array-elements-ii,1.0
serialize-and-deserialize-binary-tree,serialize-and-deserialize-bst,1.0
serialize-and-deserialize-binary-tree,find-duplicate-subtrees,1.0
serialize-and-deserialize-binary-tree,serialize-and-deserialize-n-ary-tree,1.0
binary-tree-longest-consecutive-sequence,binary-tree-longest-consecutive-sequence-ii,1.0
binary-tree-longest-consecutive-sequence,check-if-an-array-is-consecutive,1.0
bulls-and-cows,make-number-of-distinct-characters-equal,1.0
longest-increasing-subsequence,increasing-triplet-subsequence,1.0
longest-increasing-subsequence,russian-doll-envelopes,1.0
longest-increasing-subsequence,maximum-length-of-pair-chain,1.0
longest-increasing-subsequence,number-of-longest-increasing-subsequence,1.0
longest-increasing-subsequence,minimum-ascii-delete-sum-for-two-strings,1.0
longest-increasing-subsequence,minimum-number-of-removals-to-make-mountain-array,1.0
longest-increasing-subsequence,find-the-longest-valid-obstacle-course-at-each-position,1.0
longest-increasing-subsequence,minimum-operations-to-make-the-array-k-increasing,1.0
longest-increasing-subsequence,longest-ideal-subsequence,1.0
longest-increasing-subsequence,maximum-number-of-books-you-can-take,1.0
longest-increasing-subsequence,longest-increasing-subsequence-ii,1.0
longest-increasing-subsequence,find-the-maximum-length-of-a-good-subsequence-ii,1.0
longest-increasing-subsequence,find-the-maximum-length-of-a-good-subsequence-i,1.0
longest-increasing-subsequence,find-the-maximum-length-of-valid-subsequence-i,1.0
longest-increasing-subsequence,find-the-maximum-length-of-valid-subsequence-ii,1.0
longest-increasing-subsequence,longest-subsequence-with-decreasing-adjacent-difference,1.0
remove-invalid-parentheses,minimum-number-of-swaps-to-make-the-string-balanced,1.0
smallest-rectangle-enclosing-black-pixels,find-the-minimum-area-to-cover-all-ones-ii,1.0
smallest-rectangle-enclosing-black-pixels,find-the-minimum-area-to-cover-all-ones-i,1.0
range-sum-query-immutable,range-sum-query-2d-immutable,1.0
range-sum-query-immutable,range-sum-query-mutable,1.0
range-sum-query-immutable,maximum-size-subarray-sum-equals-k,1.0
range-sum-query-immutable,sum-of-variable-length-subarrays,1.0
range-sum-query-2d-immutable,range-sum-query-2d-mutable,1.0
range-sum-query-2d-immutable,find-the-grid-of-region-average,1.0
number-of-islands-ii,process-restricted-friend-requests,1.0
additive-number,split-array-into-fibonacci-sequence,1.0
range-sum-query-mutable,range-sum-query-2d-mutable,1.0
range-sum-query-mutable,shifting-letters-ii,1.0
range-sum-query-2d-mutable,increment-submatrices-by-one,1.0
range-sum-query-2d-mutable,sum-of-matrix-after-queries,1.0
minimum-height-trees,collect-coins-in-a-tree,1.0
minimum-height-trees,count-pairs-of-connectable-servers-in-a-weighted-tree-network,1.0
minimum-height-trees,find-minimum-diameter-after-merging-two-trees,1.0
burst-balloons,minimum-cost-to-merge-stones,1.0
count-of-smaller-numbers-after-self,count-of-range-sum,1.0
count-of-smaller-numbers-after-self,queue-reconstruction-by-height,1.0
count-of-smaller-numbers-after-self,reverse-pairs,1.0
count-of-smaller-numbers-after-self,how-many-numbers-are-smaller-than-the-current-number,1.0
count-of-smaller-numbers-after-self,count-good-triplets-in-an-array,1.0
count-of-smaller-numbers-after-self,count-the-number-of-k-big-indices,1.0
remove-duplicate-letters,smallest-k-length-subsequence-with-occurrences-of-a-letter,1.0
shortest-distance-from-all-buildings,as-far-from-land-as-possible,1.0
bulb-switcher,bulb-switcher-ii,1.0
bulb-switcher,minimum-number-of-k-consecutive-bit-flips,1.0
bulb-switcher,number-of-times-binary-string-is-prefix-aligned,1.0
bulb-switcher,find-the-pivot-integer,1.0
generalized-abbreviation,minimum-unique-word-abbreviation,1.0
create-maximum-number,remove-k-digits,1.0
create-maximum-number,maximum-swap,1.0
coin-change,minimum-cost-for-tickets,1.0
coin-change,maximum-value-of-k-coins-from-piles,1.0
coin-change,minimum-number-of-operations-to-convert-time,1.0
coin-change,minimum-cost-to-split-an-array,1.0
coin-change,count-of-sub-multisets-with-bounded-sum,1.0
coin-change,length-of-the-longest-subsequence-that-sums-to-target,1.0
coin-change,minimum-number-of-coins-to-be-added,1.0
coin-change,most-expensive-item-that-can-not-be-bought,1.0
coin-change,inverse-coin-change,1.0
number-of-connected-components-in-an-undirected-graph,number-of-provinces,1.0
number-of-connected-components-in-an-undirected-graph,paths-in-maze-that-lead-to-same-room,1.0
number-of-connected-components-in-an-undirected-graph,count-the-number-of-complete-components,1.0
wiggle-sort-ii,array-with-elements-not-equal-to-average-of-neighbors,1.0
maximum-size-subarray-sum-equals-k,contiguous-array,1.0
maximum-size-subarray-sum-equals-k,subarray-product-less-than-k,1.0
maximum-size-subarray-sum-equals-k,maximum-beauty-of-an-array-after-applying-operation,1.0
maximum-size-subarray-sum-equals-k,shortest-subarray-with-or-at-least-k-ii,1.0
power-of-three,power-of-four,1.0
power-of-three,check-if-number-is-a-sum-of-powers-of-three,1.0
count-of-range-sum,reverse-pairs,1.0
count-of-range-sum,count-the-number-of-fair-pairs,1.0
count-of-range-sum,find-the-number-of-copy-arrays,1.0
odd-even-linked-list,split-linked-list-in-parts,1.0
odd-even-linked-list,transform-array-by-parity,1.0
longest-increasing-path-in-a-matrix,number-of-increasing-paths-in-a-grid,1.0
patching-array,maximum-number-of-consecutive-values-you-can-make,1.0
reconstruct-itinerary,longest-common-subpath,1.0
reconstruct-itinerary,valid-arrangement-of-pairs,1.0
increasing-triplet-subsequence,count-special-quadruplets,1.0
increasing-triplet-subsequence,count-good-triplets-in-an-array,1.0
increasing-triplet-subsequence,count-increasing-quadruplets,1.0
palindrome-pairs,longest-palindrome-by-concatenating-two-letter-words,1.0
palindrome-pairs,find-maximum-number-of-string-pairs,1.0
counting-bits,sum-of-values-at-indices-with-k-set-bits,1.0
counting-bits,find-the-k-or-of-an-array,1.0
nested-list-weight-sum,nested-list-weight-sum-ii,1.0
nested-list-weight-sum,array-nesting,1.0
nested-list-weight-sum,employee-importance,1.0
longest-substring-with-at-most-k-distinct-characters,longest-repeating-character-replacement,1.0
longest-substring-with-at-most-k-distinct-characters,subarrays-with-k-different-integers,1.0
longest-substring-with-at-most-k-distinct-characters,max-consecutive-ones-iii,1.0
longest-substring-with-at-most-k-distinct-characters,maximize-the-confusion-of-an-exam,1.0
flatten-nested-list-iterator,mini-parser,1.0
flatten-nested-list-iterator,array-nesting,1.0
integer-break,maximize-number-of-nice-divisors,1.0
reverse-string,reverse-vowels-of-a-string,1.0
reverse-string,reverse-string-ii,1.0
reverse-vowels-of-a-string,remove-vowels-from-a-string,1.0
reverse-vowels-of-a-string,faulty-keyboard,1.0
reverse-vowels-of-a-string,sort-vowels-in-a-string,1.0
moving-average-from-data-stream,k-radius-subarray-averages,1.0
top-k-frequent-elements,sort-characters-by-frequency,1.0
top-k-frequent-elements,split-array-into-consecutive-subsequences,1.0
top-k-frequent-elements,top-k-frequent-words,1.0
top-k-frequent-elements,k-closest-points-to-origin,1.0
top-k-frequent-elements,sort-features-by-popularity,1.0
top-k-frequent-elements,sender-with-largest-word-count,1.0
top-k-frequent-elements,most-frequent-even-element,1.0
top-k-frequent-elements,linked-list-frequency,1.0
design-tic-tac-toe,valid-tic-tac-toe-state,1.0
intersection-of-two-arrays,intersection-of-two-arrays-ii,1.0
intersection-of-two-arrays,intersection-of-three-sorted-arrays,1.0
intersection-of-two-arrays,find-the-difference-of-two-arrays,1.0
intersection-of-two-arrays,count-common-words-with-one-occurrence,1.0
intersection-of-two-arrays,choose-numbers-from-two-arrays-in-range,1.0
intersection-of-two-arrays,intersection-of-multiple-arrays,1.0
intersection-of-two-arrays,minimum-common-value,1.0
intersection-of-two-arrays,maximum-size-of-a-set-after-removals,1.0
intersection-of-two-arrays-ii,find-common-characters,1.0
intersection-of-two-arrays-ii,find-the-difference-of-two-arrays,1.0
intersection-of-two-arrays-ii,choose-numbers-from-two-arrays-in-range,1.0
intersection-of-two-arrays-ii,intersection-of-multiple-arrays,1.0
intersection-of-two-arrays-ii,minimum-common-value,1.0
data-stream-as-disjoint-intervals,find-right-interval,1.0
data-stream-as-disjoint-intervals,range-module,1.0
data-stream-as-disjoint-intervals,count-integers-in-intervals,1.0
russian-doll-envelopes,the-number-of-weak-characters-in-the-game,1.0
russian-doll-envelopes,longest-non-decreasing-subarray-from-two-arrays,1.0
design-twitter,design-a-file-sharing-system,1.0
line-reflection,number-of-boomerangs,1.0
count-numbers-with-unique-digits,count-special-integers,1.0
count-numbers-with-unique-digits,count-numbers-with-unique-digits-ii,1.0
rearrange-string-k-distance-apart,task-scheduler,1.0
rearrange-string-k-distance-apart,reorganize-string,1.0
rearrange-string-k-distance-apart,construct-string-with-repeat-limit,1.0
logger-rate-limiter,design-hit-counter,1.0
sort-transformed-array,squares-of-a-sorted-array,1.0
sort-transformed-array,minimum-time-to-repair-cars,1.0
bomb-enemy,minimum-cost-homecoming-of-a-robot-in-a-grid,1.0
bomb-enemy,stamping-the-grid,1.0
bomb-enemy,count-unguarded-cells-in-the-grid,1.0
bomb-enemy,maximum-trailing-zeros-in-a-cornered-path,1.0
nested-list-weight-sum-ii,array-nesting,1.0
valid-perfect-square,sum-of-square-numbers,1.0
plus-one-linked-list,double-a-number-represented-as-a-linked-list,1.0
range-addition,range-addition-ii,1.0
range-addition,count-positions-on-street-with-required-brightness,1.0
range-addition,shifting-letters-ii,1.0
find-k-pairs-with-smallest-sums,kth-smallest-element-in-a-sorted-matrix,1.0
find-k-pairs-with-smallest-sums,find-k-th-smallest-pair-distance,1.0
find-k-pairs-with-smallest-sums,kth-smallest-product-of-two-sorted-arrays,1.0
guess-number-higher-or-lower,guess-number-higher-or-lower-ii,1.0
guess-number-higher-or-lower,find-k-closest-elements,1.0
guess-number-higher-or-lower-ii,can-i-win,1.0
guess-number-higher-or-lower-ii,find-k-closest-elements,1.0
wiggle-subsequence,rearrange-array-elements-by-sign,1.0
combination-sum-iv,ways-to-express-an-integer-as-sum-of-powers,1.0
kth-smallest-element-in-a-sorted-matrix,kth-smallest-number-in-multiplication-table,1.0
kth-smallest-element-in-a-sorted-matrix,find-k-th-smallest-pair-distance,1.0
kth-smallest-element-in-a-sorted-matrix,k-th-smallest-prime-fraction,1.0
design-phone-directory,seat-reservation-manager,1.0
insert-delete-getrandom-o1,insert-delete-getrandom-o1-duplicates-allowed,1.0
linked-list-random-node,random-pick-index,1.0
ransom-note,stickers-to-spell-word,1.0
ransom-note,find-words-that-can-be-formed-by-characters,1.0
mini-parser,ternary-expression-parser,1.0
mini-parser,remove-comments,1.0
first-unique-character-in-a-string,sort-characters-by-frequency,1.0
first-unique-character-in-a-string,first-letter-to-appear-twice,1.0
find-the-difference,permutation-difference-between-two-strings,1.0
elimination-game,min-max-game,1.0
is-subsequence,number-of-matching-subsequences,1.0
is-subsequence,shortest-way-to-form-string,1.0
is-subsequence,append-characters-to-string-to-make-subsequence,1.0
is-subsequence,make-string-a-subsequence-using-cyclic-increments,1.0
decode-string,encode-string-with-shortest-length,1.0
decode-string,number-of-atoms,1.0
decode-string,brace-expansion,1.0
longest-substring-with-at-least-k-repeating-characters,longest-subsequence-repeated-k-times,1.0
longest-substring-with-at-least-k-repeating-characters,number-of-equal-count-substrings,1.0
longest-substring-with-at-least-k-repeating-characters,optimal-partition-of-string,1.0
longest-substring-with-at-least-k-repeating-characters,length-of-longest-subarray-with-at-most-k-frequency,1.0
longest-substring-with-at-least-k-repeating-characters,find-longest-special-substring-that-occurs-thrice-ii,1.0
longest-substring-with-at-least-k-repeating-characters,find-longest-special-substring-that-occurs-thrice-i,1.0
random-pick-index,random-pick-with-blacklist,1.0
random-pick-index,random-pick-with-weight,1.0
evaluate-division,check-for-contradictions-in-equations,1.0
evaluate-division,maximize-amount-after-two-days-of-conversions,1.0
remove-k-digits,monotone-increasing-digits,1.0
remove-k-digits,find-the-most-competitive-subsequence,1.0
remove-k-digits,append-k-integers-with-minimal-sum,1.0
remove-k-digits,remove-digit-from-number-to-maximize-result,1.0
remove-k-digits,minimum-operations-to-make-a-special-number,1.0
frog-jump,minimum-sideway-jumps,1.0
frog-jump,solving-questions-with-brainpower,1.0
frog-jump,maximum-number-of-jumps-to-reach-the-last-index,1.0
queue-reconstruction-by-height,reward-top-k-students,1.0
trapping-rain-water-ii,maximum-number-of-points-from-grid-queries,1.0
valid-word-abbreviation,minimum-unique-word-abbreviation,1.0
valid-word-abbreviation,word-abbreviation,1.0
valid-word-abbreviation,check-if-an-original-string-exists-given-two-encoded-strings,1.0
longest-palindrome,longest-palindrome-by-concatenating-two-letter-words,1.0
longest-palindrome,largest-palindromic-number,1.0
split-array-largest-sum,capacity-to-ship-packages-within-d-days,1.0
split-array-largest-sum,divide-chocolate,1.0
split-array-largest-sum,fair-distribution-of-cookies,1.0
split-array-largest-sum,subsequence-of-size-k-with-the-largest-even-sum,1.0
split-array-largest-sum,maximum-total-beauty-of-the-gardens,1.0
split-array-largest-sum,number-of-ways-to-split-array,1.0
split-array-largest-sum,minimum-cost-to-split-an-array,1.0
split-array-largest-sum,distribute-elements-into-two-arrays-i,1.0
split-array-largest-sum,distribute-elements-into-two-arrays-ii,1.0
minimum-unique-word-abbreviation,word-abbreviation,1.0
fizz-buzz,fizz-buzz-multithreaded,1.0
fizz-buzz,categorize-box-according-to-criteria,1.0
arithmetic-slices,arithmetic-slices-ii-subsequence,1.0
arithmetic-slices,arithmetic-subarrays,1.0
arithmetic-slices,number-of-zero-filled-subarrays,1.0
arithmetic-slices,length-of-the-longest-alphabetical-continuous-substring,1.0
third-maximum-number,neither-minimum-nor-maximum,1.0
add-strings,add-to-array-form-of-integer,1.0
partition-equal-subset-sum,partition-to-k-equal-sum-subsets,1.0
partition-equal-subset-sum,minimize-the-difference-between-target-and-chosen-elements,1.0
partition-equal-subset-sum,maximum-number-of-ways-to-partition-an-array,1.0
partition-equal-subset-sum,partition-array-into-two-arrays-to-minimize-sum-difference,1.0
partition-equal-subset-sum,find-subarrays-with-equal-sum,1.0
partition-equal-subset-sum,number-of-great-partitions,1.0
partition-equal-subset-sum,split-with-minimum-sum,1.0
sentence-screen-fitting,minimum-cost-to-separate-sentence-into-rows,1.0
sentence-screen-fitting,split-message-based-on-limit,1.0
battleships-in-a-board,max-area-of-island,1.0
battleships-in-a-board,rotting-oranges,1.0
strong-password-checker,strong-password-checker-ii,1.0
maximum-xor-of-two-numbers-in-an-array,maximum-xor-with-an-element-from-array,1.0
maximum-xor-of-two-numbers-in-an-array,maximum-xor-after-operations,1.0
maximum-xor-of-two-numbers-in-an-array,sum-of-prefix-scores-of-strings,1.0
maximum-xor-of-two-numbers-in-an-array,minimize-xor,1.0
maximum-xor-of-two-numbers-in-an-array,maximum-strong-pair-xor-i,1.0
maximum-xor-of-two-numbers-in-an-array,maximum-strong-pair-xor-ii,1.0
valid-word-square,word-squares,1.0
valid-word-square,toeplitz-matrix,1.0
longest-repeating-character-replacement,max-consecutive-ones-iii,1.0
longest-repeating-character-replacement,minimum-number-of-operations-to-make-array-continuous,1.0
longest-repeating-character-replacement,maximize-the-confusion-of-an-exam,1.0
longest-repeating-character-replacement,longest-substring-of-one-repeating-character,1.0
serialize-and-deserialize-n-ary-tree,serialize-and-deserialize-bst,1.0
serialize-and-deserialize-n-ary-tree,encode-n-ary-tree-to-binary-tree,1.0
n-ary-tree-level-order-traversal,n-ary-tree-preorder-traversal,1.0
n-ary-tree-level-order-traversal,n-ary-tree-postorder-traversal,1.0
n-ary-tree-level-order-traversal,the-time-when-the-network-becomes-idle,1.0
flatten-a-multilevel-doubly-linked-list,correct-a-binary-tree,1.0
non-overlapping-intervals,minimum-number-of-arrows-to-burst-balloons,1.0
non-overlapping-intervals,determine-if-two-events-have-conflict,1.0
path-sum-iii,path-sum-iv,1.0
path-sum-iii,longest-univalue-path,1.0
find-all-anagrams-in-a-string,permutation-in-string,1.0
ternary-expression-parser,remove-comments,1.0
ternary-expression-parser,parse-lisp-expression,1.0
k-th-smallest-in-lexicographical-order,count-special-integers,1.0
find-all-duplicates-in-an-array,find-all-numbers-disappeared-in-an-array,1.0
find-all-duplicates-in-an-array,sum-of-distances,1.0
find-all-duplicates-in-an-array,the-two-sneaky-numbers-of-digitville,1.0
string-compression,design-compressed-string-iterator,1.0
string-compression,decompress-run-length-encoded-list,1.0
string-compression,string-compression-iii,1.0
string-compression,better-compression-of-string,1.0
add-two-numbers-ii,add-two-polynomials-represented-as-linked-lists,1.0
arithmetic-slices-ii-subsequence,destroy-sequential-targets,1.0
arithmetic-slices-ii-subsequence,count-palindromic-subsequences,1.0
find-all-numbers-disappeared-in-an-array,find-unique-binary-string,1.0
find-all-numbers-disappeared-in-an-array,append-k-integers-with-minimal-sum,1.0
find-all-numbers-disappeared-in-an-array,replace-elements-in-an-array,1.0
find-all-numbers-disappeared-in-an-array,maximum-number-of-integers-to-choose-from-a-range-i,1.0
find-all-numbers-disappeared-in-an-array,maximum-number-of-integers-to-choose-from-a-range-ii,1.0
serialize-and-deserialize-bst,find-duplicate-subtrees,1.0
delete-node-in-a-bst,split-bst,1.0
sort-characters-by-frequency,sort-array-by-increasing-frequency,1.0
sort-characters-by-frequency,percentage-of-letter-in-string,1.0
sort-characters-by-frequency,maximum-number-of-pairs-in-array,1.0
sort-characters-by-frequency,node-with-highest-edge-score,1.0
sort-characters-by-frequency,most-frequent-even-element,1.0
sort-characters-by-frequency,count-pairs-of-similar-strings,1.0
minimum-moves-to-equal-array-elements,minimum-moves-to-equal-array-elements-ii,1.0
minimum-moves-to-equal-array-elements,maximum-running-time-of-n-computers,1.0
minimum-moves-to-equal-array-elements,pour-water-between-buckets-to-make-water-levels-equal,1.0
minimum-moves-to-equal-array-elements,divide-players-into-teams-of-equal-skill,1.0
minimum-moves-to-equal-array-elements,find-minimum-operations-to-make-all-elements-divisible-by-three,1.0
repeated-substring-pattern,repeated-string-match,1.0
lfu-cache,design-in-memory-file-system,1.0
hamming-distance,total-hamming-distance,1.0
minimum-moves-to-equal-array-elements-ii,minimum-operations-to-make-a-uni-value-grid,1.0
minimum-moves-to-equal-array-elements-ii,removing-minimum-number-of-magic-beans,1.0
minimum-moves-to-equal-array-elements-ii,minimum-cost-to-make-array-equal,1.0
minimum-moves-to-equal-array-elements-ii,minimum-operations-to-make-all-array-elements-equal,1.0
minimum-moves-to-equal-array-elements-ii,minimum-cost-to-make-array-equalindromic,1.0
minimum-moves-to-equal-array-elements-ii,minimum-operations-to-make-subarray-elements-equal,1.0
minimum-moves-to-equal-array-elements-ii,minimum-operations-to-make-elements-within-k-subarrays-equal,1.0
island-perimeter,max-area-of-island,1.0
island-perimeter,flood-fill,1.0
island-perimeter,coloring-a-border,1.0
can-i-win,predict-the-winner,1.0
can-i-win,find-the-winning-player-in-coin-game,1.0
can-i-win,find-the-number-of-winning-players,1.0
validate-ip-address,ip-to-cidr,1.0
validate-ip-address,strong-password-checker-ii,1.0
encode-string-with-shortest-length,number-of-atoms,1.0
matchsticks-to-square,maximum-rows-covered-by-columns,1.0
ones-and-zeroes,count-subarrays-with-more-ones-than-zeros,1.0
ones-and-zeroes,non-negative-integers-without-consecutive-ones,1.0
ones-and-zeroes,all-divisions-with-the-highest-score-of-a-binary-array,1.0
total-hamming-distance,sum-of-digit-differences-of-all-pairs,1.0
generate-random-point-in-a-circle,random-point-in-non-overlapping-rectangles,1.0
sliding-window-median,minimum-operations-to-make-median-of-array-equal-to-k,1.0
find-permutation,using-a-robot-to-print-the-lexicographically-smallest-string,1.0
max-consecutive-ones,max-consecutive-ones-ii,1.0
max-consecutive-ones,max-consecutive-ones-iii,1.0
max-consecutive-ones,consecutive-characters,1.0
max-consecutive-ones,longer-contiguous-segments-of-ones-than-zeros,1.0
max-consecutive-ones,length-of-the-longest-alphabetical-continuous-substring,1.0
max-consecutive-ones,maximum-enemy-forts-that-can-be-captured,1.0
predict-the-winner,find-the-winning-player-in-coin-game,1.0
predict-the-winner,find-the-number-of-winning-players,1.0
predict-the-winner,count-the-number-of-winning-sequences,1.0
max-consecutive-ones-ii,max-consecutive-ones-iii,1.0
max-consecutive-ones-ii,all-divisions-with-the-highest-score-of-a-binary-array,1.0
robot-room-cleaner,shortest-path-in-a-hidden-grid,1.0
robot-room-cleaner,minimum-path-cost-in-a-hidden-grid,1.0
robot-room-cleaner,number-of-spaces-cleaning-robot-cleaned,1.0
the-maze,the-maze-iii,1.0
the-maze,the-maze-ii,1.0
non-decreasing-subsequences,maximum-length-of-pair-chain,1.0
target-sum,ways-to-express-an-integer-as-sum-of-powers,1.0
teemo-attacking,can-place-flowers,1.0
teemo-attacking,dota2-senate,1.0
next-greater-element-i,next-greater-element-ii,1.0
next-greater-element-i,next-greater-element-iii,1.0
next-greater-element-i,daily-temperatures,1.0
next-greater-element-i,sum-of-subarray-ranges,1.0
next-greater-element-i,sum-of-total-strength-of-wizards,1.0
next-greater-element-i,next-greater-element-iv,1.0
next-greater-element-i,remove-nodes-from-linked-list,1.0
next-greater-element-i,smallest-missing-integer-greater-than-sequential-prefix-sum,1.0
random-point-in-non-overlapping-rectangles,random-pick-with-weight,1.0
diagonal-traverse,decode-the-slanted-ciphertext,1.0
the-maze-iii,the-maze-ii,1.0
keyboard-row,find-the-sequence-of-strings-appeared-on-the-screen,1.0
keyboard-row,find-the-original-typed-string-i,1.0
keyboard-row,find-the-original-typed-string-ii,1.0
ipo,maximum-subsequence-score,1.0
ipo,maximum-elegance-of-a-k-length-subsequence,1.0
next-greater-element-ii,next-greater-element-iii,1.0
next-greater-element-ii,maximum-and-minimum-sums-of-at-most-size-k-subarrays,1.0
perfect-number,self-dividing-numbers,1.0
most-frequent-subtree-sum,subtree-of-another-tree,1.0
most-frequent-subtree-sum,count-nodes-equal-to-sum-of-descendants,1.0
fibonacci-number,split-array-into-fibonacci-sequence,1.0
fibonacci-number,length-of-longest-fibonacci-subsequence,1.0
fibonacci-number,n-th-tribonacci-number,1.0
game-play-analysis-i,game-play-analysis-ii,1.0
game-play-analysis-ii,game-play-analysis-iii,1.0
longest-palindromic-subsequence,palindromic-substrings,1.0
longest-palindromic-subsequence,count-different-palindromic-subsequences,1.0
longest-palindromic-subsequence,longest-common-subsequence,1.0
longest-palindromic-subsequence,longest-palindromic-subsequence-ii,1.0
longest-palindromic-subsequence,maximize-palindrome-length-from-subsequences,1.0
longest-palindromic-subsequence,maximum-product-of-the-length-of-two-palindromic-subsequences,1.0
coin-change-ii,maximum-value-of-k-coins-from-piles,1.0
coin-change-ii,number-of-ways-to-earn-points,1.0
coin-change-ii,count-of-sub-multisets-with-bounded-sum,1.0
coin-change-ii,length-of-the-longest-subsequence-that-sums-to-target,1.0
coin-change-ii,the-number-of-ways-to-make-the-sum,1.0
coin-change-ii,inverse-coin-change,1.0
detect-capital,capitalize-the-title,1.0
detect-capital,count-the-number-of-special-characters-ii,1.0
detect-capital,count-the-number-of-special-characters-i,1.0
longest-uncommon-subsequence-i,longest-uncommon-subsequence-ii,1.0
continuous-subarray-sum,subarray-sum-equals-k,1.0
continuous-subarray-sum,minimum-number-of-operations-to-make-array-continuous,1.0
continuous-subarray-sum,intervals-between-identical-elements,1.0
continuous-subarray-sum,apply-operations-to-make-all-array-elements-equal-to-zero,1.0
longest-word-in-dictionary-through-deleting,longest-word-in-dictionary,1.0
contiguous-array,find-all-possible-stable-binary-arrays-i,1.0
contiguous-array,find-all-possible-stable-binary-arrays-ii,1.0
beautiful-arrangement,beautiful-arrangement-ii,1.0
word-abbreviation,check-if-a-string-is-an-acronym-of-words,1.0
random-pick-with-weight,random-pick-with-blacklist,1.0
minesweeper,detonate-the-maximum-bombs,1.0
minimum-absolute-difference-in-bst,k-diff-pairs-in-an-array,1.0
lonely-pixel-i,lonely-pixel-ii,1.0
k-diff-pairs-in-an-array,count-number-of-pairs-with-absolute-difference-k,1.0
k-diff-pairs-in-an-array,kth-smallest-product-of-two-sorted-arrays,1.0
k-diff-pairs-in-an-array,count-number-of-bad-pairs,1.0
k-diff-pairs-in-an-array,number-of-pairs-satisfying-inequality,1.0
k-diff-pairs-in-an-array,minimum-absolute-difference-between-elements-with-constraint,1.0
game-play-analysis-iii,game-play-analysis-iv,1.0
construct-binary-tree-from-string,construct-string-from-binary-tree,1.0
minimum-time-difference,minimum-cost-to-set-cooking-time,1.0
reverse-string-ii,reverse-words-in-a-string-iii,1.0
reverse-string-ii,faulty-keyboard,1.0
01-matrix,shortest-path-to-get-food,1.0
01-matrix,minimum-operations-to-remove-adjacent-ones-in-matrix,1.0
01-matrix,difference-between-ones-and-zeros-in-row-and-column,1.0
diameter-of-binary-tree,diameter-of-n-ary-tree,1.0
diameter-of-binary-tree,longest-path-with-different-adjacent-characters,1.0
remove-boxes,strange-printer,1.0
remove-boxes,number-of-unique-flavors-after-sharing-k-candies,1.0
number-of-provinces,robot-return-to-origin,1.0
number-of-provinces,sentence-similarity,1.0
number-of-provinces,sentence-similarity-ii,1.0
number-of-provinces,the-earliest-moment-when-everyone-become-friends,1.0
number-of-provinces,detonate-the-maximum-bombs,1.0
split-array-with-equal-sum,fair-distribution-of-cookies,1.0
split-array-with-equal-sum,number-of-ways-to-split-a-string,1.0
binary-tree-longest-consecutive-sequence-ii,check-if-an-array-is-consecutive,1.0
game-play-analysis-iv,game-play-analysis-v,1.0
student-attendance-record-i,student-attendance-record-ii,1.0
brick-wall,number-of-ways-to-build-sturdy-brick-wall,1.0
next-greater-element-iii,next-palindrome-using-same-digits,1.0
maximum-depth-of-n-ary-tree,the-time-when-the-network-becomes-idle,1.0
maximum-depth-of-n-ary-tree,count-the-number-of-good-nodes,1.0
subarray-sum-equals-k,subarray-product-less-than-k,1.0
subarray-sum-equals-k,find-pivot-index,1.0
subarray-sum-equals-k,subarray-sums-divisible-by-k,1.0
subarray-sum-equals-k,minimum-operations-to-reduce-x-to-zero,1.0
subarray-sum-equals-k,k-radius-subarray-averages,1.0
subarray-sum-equals-k,maximum-sum-score-of-array,1.0
array-partition,minimum-difference-between-highest-and-lowest-of-k-scores,1.0
array-partition,minimum-cost-of-buying-candies-with-discount,1.0
array-partition,all-divisions-with-the-highest-score-of-a-binary-array,1.0
binary-tree-tilt,find-all-the-lonely-nodes,1.0
find-the-closest-palindrome,find-palindrome-with-fixed-length,1.0
find-the-closest-palindrome,next-palindrome-using-same-digits,1.0
find-the-closest-palindrome,find-the-count-of-good-integers,1.0
find-the-closest-palindrome,find-the-largest-palindrome-divisible-by-k,1.0
reshape-the-matrix,convert-1d-array-into-2d-array,1.0
maximum-vacation-days,cheapest-flights-within-k-stops,1.0
median-employee-salary,find-median-given-frequency-of-numbers,1.0
distribute-candies,minimum-number-of-operations-to-satisfy-conditions,1.0
distribute-candies,check-if-grid-satisfies-conditions,1.0
out-of-boundary-paths,knight-probability-in-chessboard,1.0
out-of-boundary-paths,execution-of-all-suffix-instructions-staying-in-a-grid,1.0
shortest-unsorted-continuous-subarray,smallest-subarray-to-sort-in-every-sliding-window,1.0
delete-operation-for-two-strings,minimum-ascii-delete-sum-for-two-strings,1.0
delete-operation-for-two-strings,longest-common-subsequence,1.0
delete-operation-for-two-strings,make-three-strings-equal,1.0
erect-the-fence,erect-the-fence-ii,1.0
erect-the-fence,sort-the-students-by-their-kth-score,1.0
design-in-memory-file-system,design-log-storage-system,1.0
n-ary-tree-preorder-traversal,n-ary-tree-postorder-traversal,1.0
tag-validator,add-bold-tag-in-string,1.0
fraction-addition-and-subtraction,solve-the-equation,1.0
range-addition-ii,sum-of-matrix-after-queries,1.0
non-negative-integers-without-consecutive-ones,generate-binary-strings-without-adjacent-zeros,1.0
can-place-flowers,asteroid-collision,1.0
construct-string-from-binary-tree,find-duplicate-subtrees,1.0
find-duplicate-file-in-system,delete-duplicate-folders-in-system,1.0
valid-triangle-number,find-polygon-with-the-largest-perimeter,1.0
average-salary-departments-vs-company,countries-you-can-safely-invest-in,1.0
task-scheduler,reorganize-string,1.0
task-scheduler,maximum-number-of-weeks-for-which-you-can-work,1.0
task-scheduler,find-minimum-time-to-finish-all-jobs-ii,1.0
task-scheduler,task-scheduler-ii,1.0
design-circular-queue,design-circular-deque,1.0
design-circular-queue,design-front-middle-back-queue,1.0
k-inverse-pairs-array,count-the-number-of-inversions,1.0
course-schedule-iii,parallel-courses-iii,1.0
sum-of-square-numbers,sum-of-squares-of-special-elements,1.0
decode-ways-ii,number-of-ways-to-separate-numbers,1.0
decode-ways-ii,number-of-ways-to-divide-a-long-corridor,1.0
solve-the-equation,minimize-result-by-adding-parentheses-to-expression,1.0
design-circular-deque,design-front-middle-back-queue,1.0
maximum-average-subarray-i,maximum-average-subarray-ii,1.0
maximum-average-subarray-i,k-radius-subarray-averages,1.0
maximum-length-of-pair-chain,longest-non-decreasing-subarray-from-two-arrays,1.0
2-keys-keyboard,4-keys-keyboard,1.0
2-keys-keyboard,broken-calculator,1.0
2-keys-keyboard,smallest-value-after-replacing-with-sum-of-prime-factors,1.0
2-keys-keyboard,distinct-prime-factors-of-product-of-array,1.0
find-duplicate-subtrees,delete-duplicate-folders-in-system,1.0
two-sum-iv-input-is-a-bst,two-sum-bsts,1.0
maximum-binary-tree,maximum-binary-tree-ii,1.0
robot-return-to-origin,execution-of-all-suffix-instructions-staying-in-a-grid,1.0
robot-return-to-origin,furthest-point-from-origin,1.0
find-k-closest-elements,find-k-th-smallest-pair-distance,1.0
find-k-closest-elements,find-closest-number-to-zero,1.0
split-array-into-consecutive-subsequences,divide-array-in-sets-of-k-consecutive-numbers,1.0
equal-tree-partition,create-components-with-same-value,1.0
strange-printer,strange-printer-ii,1.0
non-decreasing-array,make-array-non-decreasing-or-non-increasing,1.0
non-decreasing-array,find-good-days-to-rob-the-bank,1.0
non-decreasing-array,count-non-decreasing-subarrays-after-k-operations,1.0
kth-smallest-number-in-multiplication-table,find-k-th-smallest-pair-distance,1.0
kth-smallest-number-in-multiplication-table,k-th-smallest-prime-fraction,1.0
kth-smallest-number-in-multiplication-table,minimum-time-to-eat-all-grains,1.0
kth-smallest-number-in-multiplication-table,kth-smallest-amount-with-single-denomination-combination,1.0
bulb-switcher-ii,number-of-times-binary-string-is-prefix-aligned,1.0
number-of-longest-increasing-subsequence,longest-continuous-increasing-subsequence,1.0
number-of-longest-increasing-subsequence,longest-increasing-subsequence-ii,1.0
longest-continuous-increasing-subsequence,minimum-window-subsequence,1.0
longest-continuous-increasing-subsequence,consecutive-characters,1.0
longest-continuous-increasing-subsequence,longest-increasing-subsequence-ii,1.0
implement-magic-dictionary,longest-word-in-dictionary,1.0
map-sum-pairs,sort-the-jumbled-numbers,1.0
map-sum-pairs,sum-of-prefix-scores-of-strings,1.0
valid-parenthesis-string,special-binary-string,1.0
valid-parenthesis-string,check-if-a-parentheses-string-can-be-valid,1.0
valid-palindrome-ii,valid-palindrome-iii,1.0
valid-palindrome-ii,valid-palindrome-iv,1.0
baseball-game,crawler-log-folder,1.0
redundant-connection,redundant-connection-ii,1.0
redundant-connection,accounts-merge,1.0
redundant-connection,maximum-employees-to-be-invited-to-a-meeting,1.0
redundant-connection,shortest-cycle-in-a-graph,1.0
longest-univalue-path,longest-path-with-different-adjacent-characters,1.0
knight-probability-in-chessboard,maximum-number-of-moves-to-kill-all-pawns,1.0
maximum-sum-of-3-non-overlapping-subarrays,sum-of-variable-length-subarrays,1.0
maximum-sum-of-3-non-overlapping-subarrays,maximize-ysum-by-picking-a-triplet-of-distinct-xvalues,1.0
top-k-frequent-words,k-closest-points-to-origin,1.0
top-k-frequent-words,sort-features-by-popularity,1.0
top-k-frequent-words,sender-with-largest-word-count,1.0
top-k-frequent-words,maximum-number-of-pairs-in-array,1.0
number-of-distinct-islands,number-of-distinct-islands-ii,1.0
number-of-distinct-islands,count-sub-islands,1.0
max-area-of-island,largest-submatrix-with-rearrangements,1.0
max-area-of-island,detonate-the-maximum-bombs,1.0
max-area-of-island,maximum-number-of-fish-in-a-grid,1.0
count-binary-substrings,number-of-substrings-with-fixed-ratio,1.0
count-binary-substrings,count-the-number-of-substrings-with-dominant-ones,1.0
partition-to-k-equal-sum-subsets,fair-distribution-of-cookies,1.0
partition-to-k-equal-sum-subsets,maximum-number-of-ways-to-partition-an-array,1.0
partition-to-k-equal-sum-subsets,maximum-rows-covered-by-columns,1.0
search-in-a-binary-search-tree,insert-into-a-binary-search-tree,1.0
search-in-a-binary-search-tree,closest-nodes-queries-in-a-binary-search-tree,1.0
search-in-a-sorted-array-of-unknown-size,binary-search,1.0
search-in-a-sorted-array-of-unknown-size,find-the-index-of-the-large-integer,1.0
kth-largest-element-in-a-stream,finding-mk-average,1.0
kth-largest-element-in-a-stream,sequentially-ordinal-rank-tracker,1.0
binary-search,maximum-count-of-positive-integer-and-negative-integer,1.0
design-hashset,design-hashmap,1.0
design-hashset,design-skiplist,1.0
design-hashmap,design-skiplist,1.0
design-linked-list,design-skiplist,1.0
to-lower-case,capitalize-the-title,1.0
random-pick-with-blacklist,find-unique-binary-string,1.0
subarray-product-less-than-k,two-sum-less-than-k,1.0
subarray-product-less-than-k,number-of-smooth-descent-periods-of-a-stock,1.0
subarray-product-less-than-k,count-subarrays-with-score-less-than-k,1.0
maximum-length-of-repeated-subarray,longest-common-subpath,1.0
maximum-length-of-repeated-subarray,find-the-maximum-length-of-a-good-subsequence-ii,1.0
maximum-length-of-repeated-subarray,find-the-maximum-length-of-a-good-subsequence-i,1.0
find-k-th-smallest-pair-distance,k-th-smallest-prime-fraction,1.0
find-k-th-smallest-pair-distance,find-the-median-of-the-uniqueness-array,1.0
find-k-th-smallest-pair-distance,maximize-score-of-numbers-in-ranges,1.0
longest-word-in-dictionary,longest-word-with-all-prefixes,1.0
accounts-merge,sentence-similarity,1.0
accounts-merge,sentence-similarity-ii,1.0
find-pivot-index,find-the-middle-index-in-array,1.0
find-pivot-index,number-of-ways-to-split-array,1.0
find-pivot-index,maximum-sum-score-of-array,1.0
find-pivot-index,left-and-right-sum-differences,1.0
split-linked-list-in-parts,split-a-circular-linked-list,1.0
number-of-atoms,parse-lisp-expression,1.0
self-dividing-numbers,check-if-number-has-equal-digit-count-and-digit-value,1.0
self-dividing-numbers,count-the-digits-that-divide-a-number,1.0
my-calendar-i,my-calendar-ii,1.0
my-calendar-i,my-calendar-iii,1.0
my-calendar-i,determine-if-two-events-have-conflict,1.0
count-different-palindromic-subsequences,count-palindromic-subsequences,1.0
my-calendar-ii,my-calendar-iii,1.0
my-calendar-iii,count-integers-in-intervals,1.0
sentence-similarity,sentence-similarity-ii,1.0
asteroid-collision,destroying-asteroids,1.0
asteroid-collision,count-collisions-on-a-road,1.0
asteroid-collision,robot-collisions,1.0
parse-lisp-expression,basic-calculator-iv,1.0
daily-temperatures,online-stock-span,1.0
cherry-pickup,maximum-path-quality-of-a-graph,1.0
cherry-pickup,paths-in-matrix-whose-sum-is-divisible-by-k,1.0
network-delay-time,the-time-when-the-network-becomes-idle,1.0
network-delay-time,second-minimum-time-to-reach-destination,1.0
find-smallest-letter-greater-than-target,count-elements-with-strictly-smaller-and-greater-elements,1.0
min-cost-climbing-stairs,find-number-of-ways-to-reach-the-k-th-stair,1.0
largest-number-at-least-twice-of-others,keep-multiplying-found-values-by-two,1.0
largest-number-at-least-twice-of-others,largest-number-after-digit-swaps-by-parity,1.0
contain-virus,count-the-number-of-infection-sequences,1.0
open-the-lock,reachable-nodes-with-restrictions,1.0
reach-a-number,number-of-ways-to-reach-a-position-after-exactly-k-steps,1.0
employee-free-time,interval-list-intersections,1.0
special-binary-string,number-of-good-binary-strings,1.0
partition-labels,optimal-partition-of-string,1.0
couples-holding-hands,k-similar-strings,1.0
reorganize-string,longest-happy-string,1.0
max-chunks-to-make-sorted-ii,max-chunks-to-make-sorted,1.0
basic-calculator-iv,basic-calculator-iii,1.0
basic-calculator-iii,build-binary-expression-tree-from-infix-expression,1.0
minimize-max-distance-to-gas-station,koko-eating-bananas,1.0
swap-adjacent-in-lr-string,move-pieces-to-obtain-a-string,1.0
swim-in-rising-water,path-with-minimum-effort,1.0
reaching-points,number-of-ways-to-reach-a-position-after-exactly-k-steps,1.0
reaching-points,check-if-point-is-reachable,1.0
reaching-points,determine-if-a-cell-is-reachable-at-a-given-time,1.0
rabbits-in-forest,group-the-people-given-the-group-size-they-belong-to,1.0
transform-to-chessboard,minimum-moves-to-get-a-peaceful-board,1.0
letter-case-permutation,brace-expansion,1.0
is-graph-bipartite,divide-nodes-into-the-maximum-number-of-groups,1.0
cheapest-flights-within-k-stops,minimum-cost-to-reach-city-with-discounts,1.0
escape-the-ghosts,cat-and-mouse-ii,1.0
custom-sort-string,sort-the-students-by-their-kth-score,1.0
number-of-matching-subsequences,shortest-way-to-form-string,1.0
number-of-matching-subsequences,count-vowel-substrings-of-a-string,1.0
number-of-subarrays-with-bounded-maximum,count-subarrays-with-median-k,1.0
number-of-subarrays-with-bounded-maximum,find-the-number-of-subarrays-where-boundary-elements-are-maximum,1.0
all-paths-from-source-to-target,number-of-ways-to-arrive-at-destination,1.0
all-paths-from-source-to-target,number-of-increasing-paths-in-a-grid,1.0
champagne-tower,number-of-ways-to-build-house-of-cards,1.0
minimum-swaps-to-make-sequences-increasing,minimum-operations-to-make-the-array-k-increasing,1.0
minimum-swaps-to-make-sequences-increasing,minimum-operations-to-maximize-last-elements-in-arrays,1.0
find-eventual-safe-states,build-a-matrix-with-conditions,1.0
bricks-falling-when-hit,last-day-where-you-can-still-cross,1.0
bricks-falling-when-hit,number-of-ways-to-build-sturdy-brick-wall,1.0
split-array-with-same-average,partition-array-into-two-arrays-to-minimize-sum-difference,1.0
split-array-with-same-average,minimum-average-difference,1.0
largest-triangle-area,largest-perimeter-triangle,1.0
bus-routes,minimum-costs-using-the-train-line,1.0
linked-list-components,merge-nodes-in-between-zeros,1.0
shortest-distance-to-a-character,check-distances-between-same-letters,1.0
most-profit-assigning-work,maximum-number-of-tasks-you-can-assign,1.0
most-profit-assigning-work,successful-pairs-of-spells-and-potions,1.0
most-profit-assigning-work,maximum-matching-of-players-with-trainers,1.0
count-unique-characters-of-all-substrings-of-a-given-string,total-appeal-of-a-string,1.0
positions-of-large-groups,divide-a-string-into-groups-of-size-k,1.0
sum-of-distances-in-tree,distribute-coins-in-binary-tree,1.0
sum-of-distances-in-tree,count-nodes-with-the-highest-score,1.0
sum-of-distances-in-tree,collect-coins-in-a-tree,1.0
sum-of-distances-in-tree,maximum-score-after-applying-operations-on-a-tree,1.0
sum-of-distances-in-tree,count-pairs-of-connectable-servers-in-a-weighted-tree-network,1.0
sum-of-distances-in-tree,time-taken-to-mark-all-nodes,1.0
similar-string-groups,groups-of-strings,1.0
magic-squares-in-grid,largest-magic-square,1.0
backspace-string-compare,crawler-log-folder,1.0
backspace-string-compare,removing-stars-from-a-string,1.0
longest-mountain-in-array,minimum-number-of-removals-to-make-mountain-array,1.0
longest-mountain-in-array,find-good-days-to-rob-the-bank,1.0
shortest-path-visiting-all-nodes,find-the-minimum-cost-array-permutation,1.0
shifting-letters,replace-all-digits-with-characters,1.0
shifting-letters,shifting-letters-ii,1.0
shifting-letters,lexicographically-smallest-string-after-substring-operation,1.0
shifting-letters,shift-distance-between-two-strings,1.0
shifting-letters,find-the-k-th-character-in-string-game-i,1.0
shifting-letters,find-the-k-th-character-in-string-game-ii,1.0
maximize-distance-to-closest-person,exam-room,1.0
maximize-distance-to-closest-person,task-scheduler-ii,1.0
rectangle-area-ii,separate-squares-ii,1.0
loud-and-rich,build-a-matrix-with-conditions,1.0
peak-index-in-a-mountain-array,find-in-mountain-array,1.0
peak-index-in-a-mountain-array,minimum-number-of-removals-to-make-mountain-array,1.0
car-fleet,car-fleet-ii,1.0
car-fleet,count-collisions-on-a-road,1.0
minimum-cost-to-hire-k-workers,maximum-subsequence-score,1.0
buddy-strings,determine-if-two-strings-are-close,1.0
buddy-strings,check-if-one-string-swap-can-make-strings-equal,1.0
buddy-strings,make-number-of-distinct-characters-equal,1.0
score-after-flipping-matrix,remove-all-ones-with-row-and-column-flips,1.0
shortest-subarray-with-sum-at-least-k,shortest-subarray-with-or-at-least-k-ii,1.0
shortest-subarray-with-sum-at-least-k,shortest-subarray-with-or-at-least-k-i,1.0
all-nodes-distance-k-in-binary-tree,amount-of-time-for-binary-tree-to-be-infected,1.0
prime-palindrome,sum-of-k-mirror-numbers,1.0
walking-robot-simulation,walking-robot-simulation-ii,1.0
koko-eating-bananas,maximum-candies-allocated-to-k-children,1.0
koko-eating-bananas,minimized-maximum-of-products-distributed-to-any-store,1.0
koko-eating-bananas,frog-jump-ii,1.0
koko-eating-bananas,minimum-time-to-repair-cars,1.0
middle-of-the-linked-list,delete-the-middle-node-of-a-linked-list,1.0
middle-of-the-linked-list,maximum-twin-sum-of-a-linked-list,1.0
stone-game,stone-game-v,1.0
stone-game,stone-game-vi,1.0
stone-game,stone-game-vii,1.0
stone-game,stone-game-viii,1.0
stone-game,stone-game-ix,1.0
stone-game,strictly-palindromic-number,1.0
stone-game,visit-array-positions-to-maximize-score,1.0
reachable-nodes-in-subdivided-graph,find-all-people-with-secret,1.0
reachable-nodes-in-subdivided-graph,paths-in-maze-that-lead-to-same-room,1.0
uncommon-words-from-two-sentences,count-common-words-with-one-occurrence,1.0
spiral-matrix-iii,spiral-matrix-iv,1.0
super-egg-drop,egg-drop-with-2-eggs-and-n-floors,1.0
monotonic-array,count-hills-and-valleys-in-an-array,1.0
monotonic-array,find-the-count-of-monotonic-pairs-i,1.0
bitwise-ors-of-subarrays,longest-nice-subarray,1.0
bitwise-ors-of-subarrays,smallest-subarrays-with-maximum-bitwise-or,1.0
bitwise-ors-of-subarrays,bitwise-or-of-all-subsequence-sums,1.0
bitwise-ors-of-subarrays,find-the-maximum-sequence-value-of-array,1.0
fruit-into-baskets,longest-nice-subarray,1.0
fruit-into-baskets,fruits-into-baskets-ii,1.0
sort-array-by-parity,sort-array-by-parity-ii,1.0
sort-array-by-parity,sort-even-and-odd-indices-independently,1.0
sort-array-by-parity,largest-number-after-digit-swaps-by-parity,1.0
sum-of-subarray-minimums,sum-of-subarray-ranges,1.0
sum-of-subarray-minimums,sum-of-total-strength-of-wizards,1.0
snakes-and-ladders,most-profitable-path-in-a-tree,1.0
online-election,rank-teams-by-votes,1.0
cat-and-mouse,cat-and-mouse-ii,1.0
partition-array-into-disjoint-intervals,sum-of-beauty-in-the-array,1.0
partition-array-into-disjoint-intervals,optimal-partition-of-string,1.0
partition-array-into-disjoint-intervals,minimum-index-of-a-valid-split,1.0
partition-array-into-disjoint-intervals,maximum-strength-of-k-disjoint-subarrays,1.0
reverse-only-letters,faulty-keyboard,1.0
number-of-music-playlists,count-the-number-of-good-subsequences,1.0
minimum-add-to-make-parentheses-valid,minimum-number-of-swaps-to-make-the-string-balanced,1.0
sort-array-by-parity-ii,rearrange-array-elements-by-sign,1.0
sort-array-by-parity-ii,sort-even-and-odd-indices-independently,1.0
sort-array-by-parity-ii,largest-number-after-digit-swaps-by-parity,1.0
sort-array-by-parity-ii,find-the-number-of-k-even-arrays,1.0
long-pressed-name,maximum-matching-of-players-with-trainers,1.0
flip-string-to-monotone-increasing,minimum-cost-to-make-all-characters-equal,1.0
binary-subarrays-with-sum,count-subarrays-with-score-less-than-k,1.0
binary-subarrays-with-sum,ways-to-split-array-into-good-subarrays,1.0
binary-subarrays-with-sum,find-all-possible-stable-binary-arrays-i,1.0
binary-subarrays-with-sum,find-all-possible-stable-binary-arrays-ii,1.0
minimum-falling-path-sum,minimum-falling-path-sum-ii,1.0
shortest-bridge,minimum-number-of-operations-to-make-x-and-y-equal,1.0
minimum-area-rectangle,minimum-rectangles-to-cover-points,1.0
minimum-area-rectangle,maximum-area-rectangle-with-point-constraints-i,1.0
minimum-area-rectangle,maximum-area-rectangle-with-point-constraints-ii,1.0
distinct-subsequences-ii,number-of-unique-good-subsequences,1.0
distinct-subsequences-ii,count-k-subsequences-of-a-string-with-maximum-beauty,1.0
valid-mountain-array,minimum-number-of-removals-to-make-mountain-array,1.0
valid-mountain-array,beautiful-towers-i,1.0
di-string-match,construct-smallest-number-from-di-string,1.0
find-the-shortest-superstring,maximum-rows-covered-by-columns,1.0
find-the-shortest-superstring,find-the-minimum-cost-array-permutation,1.0
find-the-shortest-superstring,find-the-shortest-superstring-ii,1.0
minimum-increment-to-make-array-unique,minimum-operations-to-make-the-array-increasing,1.0
minimum-increment-to-make-array-unique,maximum-product-after-k-increments,1.0
minimum-increment-to-make-array-unique,minimum-number-of-operations-to-make-elements-in-array-distinct,1.0
most-stones-removed-with-same-row-or-column,minimum-moves-to-get-a-peaceful-board,1.0
largest-time-for-given-digits,number-of-valid-clock-times,1.0
largest-component-size-by-common-factor,groups-of-strings,1.0
largest-component-size-by-common-factor,distinct-prime-factors-of-product-of-array,1.0
array-of-doubled-pairs,find-original-array-from-doubled-array,1.0
tallest-billboard,partition-array-into-two-arrays-to-minimize-sum-difference,1.0
univalued-binary-tree,find-all-the-lonely-nodes,1.0
binary-tree-cameras,distribute-coins-in-binary-tree,1.0
binary-tree-cameras,choose-edges-to-maximize-score-in-a-tree,1.0
powerful-integers,count-the-number-of-powerful-integers,1.0
k-closest-points-to-origin,find-nearest-point-that-has-the-same-x-or-y-coordinate,1.0
k-closest-points-to-origin,minimum-rectangles-to-cover-points,1.0
k-closest-points-to-origin,k-th-nearest-obstacle-queries,1.0
subarray-sums-divisible-by-k,make-sum-divisible-by-p,1.0
subarray-sums-divisible-by-k,count-number-of-bad-pairs,1.0
subarray-sums-divisible-by-k,find-the-divisibility-array-of-a-string,1.0
subarray-sums-divisible-by-k,count-of-interesting-subarrays,1.0
subarray-sums-divisible-by-k,maximum-subarray-sum-with-length-divisible-by-k,1.0
longest-turbulent-subarray,longest-alternating-subarray,1.0
time-based-key-value-store,stock-price-fluctuation,1.0
minimum-cost-for-tickets,most-expensive-item-that-can-not-be-bought,1.0
interval-list-intersections,maximum-matching-of-players-with-trainers,1.0
broken-calculator,minimum-operations-to-make-the-integer-zero,1.0
subarrays-with-k-different-integers,count-vowel-substrings-of-a-string,1.0
subarrays-with-k-different-integers,number-of-unique-flavors-after-sharing-k-candies,1.0
subarrays-with-k-different-integers,k-divisible-elements-subarrays,1.0
subarrays-with-k-different-integers,count-complete-subarrays-in-an-array,1.0
cousins-in-binary-tree,cousins-in-binary-tree-ii,1.0
rotting-oranges,detonate-the-maximum-bombs,1.0
rotting-oranges,escape-the-spreading-fire,1.0
minimum-number-of-k-consecutive-bit-flips,minimum-time-to-remove-all-cars-containing-illegal-goods,1.0
minimum-number-of-k-consecutive-bit-flips,number-of-distinct-binary-strings-after-applying-operations,1.0
minimum-number-of-k-consecutive-bit-flips,minimum-operations-to-make-binary-array-elements-equal-to-one-i,1.0
minimum-number-of-k-consecutive-bit-flips,smallest-number-with-all-set-bits,1.0
available-captures-for-rook,count-unguarded-cells-in-the-grid,1.0
available-captures-for-rook,minimum-moves-to-capture-the-queen,1.0
available-captures-for-rook,maximum-value-sum-by-placing-three-rooks-ii,1.0
available-captures-for-rook,maximum-value-sum-by-placing-three-rooks-i,1.0
minimum-cost-to-merge-stones,minimum-cost-to-connect-sticks,1.0
max-consecutive-ones-iii,longest-subarray-of-1s-after-deleting-one-element,1.0
max-consecutive-ones-iii,maximize-the-confusion-of-an-exam,1.0
max-consecutive-ones-iii,minimum-recolors-to-get-k-consecutive-black-blocks,1.0
max-consecutive-ones-iii,longest-nice-subarray,1.0
max-consecutive-ones-iii,maximum-sum-of-distinct-subarrays-with-length-k,1.0
max-consecutive-ones-iii,maximum-enemy-forts-that-can-be-captured,1.0
maximize-sum-of-array-after-k-negations,find-subsequence-of-length-k-with-the-largest-sum,1.0
clumsy-factorial,count-the-number-of-computer-unlocking-permutations,1.0
pairs-of-songs-with-total-durations-divisible-by-60,destroy-sequential-targets,1.0
pairs-of-songs-with-total-durations-divisible-by-60,count-pairs-that-form-a-complete-day-ii,1.0
capacity-to-ship-packages-within-d-days,divide-chocolate,1.0
capacity-to-ship-packages-within-d-days,cutting-ribbons,1.0
capacity-to-ship-packages-within-d-days,minimized-maximum-of-products-distributed-to-any-store,1.0
capacity-to-ship-packages-within-d-days,maximum-bags-with-full-capacity-of-rocks,1.0
capacity-to-ship-packages-within-d-days,minimum-total-distance-traveled,1.0
numbers-with-repeated-digits,count-the-number-of-powerful-integers,1.0
partition-array-into-three-parts-with-equal-sum,find-the-middle-index-in-array,1.0
convert-to-base-2,encode-number,1.0
convert-to-base-2,convert-date-to-binary,1.0
binary-prefix-divisible-by-5,average-value-of-even-numbers-that-are-divisible-by-three,1.0
binary-prefix-divisible-by-5,find-the-maximum-divisibility-score,1.0
longest-arithmetic-subsequence,destroy-sequential-targets,1.0
two-city-scheduling,rearrange-array-to-maximize-prefix-score,1.0
matrix-cells-in-distance-order,cells-in-a-range-on-an-excel-sheet,1.0
moving-stones-until-consecutive-ii,minimum-number-of-operations-to-make-array-continuous,1.0
partition-array-for-maximum-sum,subsequence-of-size-k-with-the-largest-even-sum,1.0
partition-array-for-maximum-sum,partition-string-into-minimum-beautiful-substrings,1.0
partition-array-for-maximum-sum,minimum-substring-partition-of-equal-character-frequency,1.0
remove-all-adjacent-duplicates-in-string,remove-all-adjacent-duplicates-in-string-ii,1.0
remove-all-adjacent-duplicates-in-string,removing-stars-from-a-string,1.0
remove-all-adjacent-duplicates-in-string,minimize-string-length,1.0
last-stone-weight-ii,partition-array-into-two-arrays-to-minimize-sum-difference,1.0
confusing-number,confusing-number-ii,1.0
campus-bikes,campus-bikes-ii,1.0
lexicographically-smallest-equivalent-string,lexicographically-smallest-generated-string,1.0
number-of-valid-subarrays,number-of-smooth-descent-periods-of-a-stock,1.0
digit-count-in-range,sum-of-numbers-with-units-digit-k,1.0
product-sales-analysis-i,product-sales-analysis-ii,1.0
product-sales-analysis-i,product-sales-analysis-iv,1.0
product-sales-analysis-i,product-sales-analysis-v,1.0
product-sales-analysis-ii,product-sales-analysis-iii,1.0
product-sales-analysis-ii,product-sales-analysis-iv,1.0
product-sales-analysis-ii,product-sales-analysis-v,1.0
product-sales-analysis-iii,product-sales-analysis-iv,1.0
product-sales-analysis-iii,product-sales-analysis-v,1.0
greatest-common-divisor-of-strings,find-greatest-common-divisor-of-array,1.0
greatest-common-divisor-of-strings,smallest-even-multiple,1.0
greatest-common-divisor-of-strings,find-the-maximum-factor-score-of-array,1.0
number-of-submatrices-that-sum-to-target,disconnect-path-in-a-binary-matrix-by-at-most-one-flip,1.0
project-employees-i,project-employees-ii,1.0
project-employees-ii,project-employees-iii,1.0
insufficient-nodes-in-root-to-leaf-paths,count-nodes-equal-to-average-of-subtree,1.0
smallest-subsequence-of-distinct-characters,find-the-most-competitive-subsequence,1.0
sales-analysis-i,sales-analysis-ii,1.0
sales-analysis-ii,sales-analysis-iii,1.0
high-five,determine-the-winner-of-a-bowling-game,1.0
brace-expansion,brace-expansion-ii,1.0
largest-values-from-labels,maximize-ysum-by-picking-a-triplet-of-distinct-xvalues,1.0
shortest-path-in-binary-matrix,paths-in-matrix-whose-sum-is-divisible-by-k,1.0
shortest-common-supersequence,longest-common-subsequence,1.0
shortest-common-supersequence,shortest-string-that-contains-three-strings,1.0
find-in-mountain-array,minimum-number-of-removals-to-make-mountain-array,1.0
find-in-mountain-array,find-good-days-to-rob-the-bank,1.0
find-in-mountain-array,find-indices-of-stable-mountains,1.0
path-with-maximum-minimum-value,path-with-minimum-effort,1.0
distribute-candies-to-people,distribute-money-to-maximum-children,1.0
path-in-zigzag-labelled-binary-tree,cycle-length-queries-in-a-tree,1.0
corporate-flight-bookings,zero-array-transformation-ii,1.0
corporate-flight-bookings,zero-array-transformation-iii,1.0
delete-nodes-and-return-forest,count-nodes-with-the-highest-score,1.0
maximum-nesting-depth-of-two-valid-parentheses-strings,maximum-nesting-depth-of-the-parentheses,1.0
print-in-order,print-foobar-alternately,1.0
print-foobar-alternately,print-zero-even-odd,1.0
print-zero-even-odd,fizz-buzz-multithreaded,1.0
remove-vowels-from-a-string,remove-digit-from-number-to-maximize-result,1.0
maximum-average-subtree,count-nodes-equal-to-sum-of-descendants,1.0
maximum-average-subtree,count-nodes-equal-to-average-of-subtree,1.0
lowest-common-ancestor-of-deepest-leaves,lowest-common-ancestor-of-a-binary-tree-iv,1.0
smallest-sufficient-team,the-number-of-good-subsets,1.0
smallest-sufficient-team,minimum-number-of-work-sessions-to-finish-the-tasks,1.0
smallest-sufficient-team,maximum-rows-covered-by-columns,1.0
connecting-cities-with-minimum-cost,minimum-cost-to-reach-city-with-discounts,1.0
parallel-courses,parallel-courses-ii,1.0
parallel-courses,parallel-courses-iii,1.0
stone-game-ii,stone-game-v,1.0
stone-game-ii,stone-game-vi,1.0
stone-game-ii,stone-game-vii,1.0
stone-game-ii,stone-game-viii,1.0
stone-game-ii,stone-game-ix,1.0
longest-common-subsequence,maximize-number-of-subsequences-in-a-string,1.0
longest-common-subsequence,subsequence-with-the-minimum-score,1.0
longest-chunked-palindrome-decomposition,palindrome-rearrangement-queries,1.0
minimum-swaps-to-group-all-1s-together,minimum-adjacent-swaps-for-k-consecutive-ones,1.0
minimum-swaps-to-group-all-1s-together,minimum-swaps-to-group-all-1s-together-ii,1.0
minimum-swaps-to-group-all-1s-together,time-needed-to-rearrange-a-binary-string,1.0
minimum-swaps-to-group-all-1s-together,minimum-moves-to-pick-k-ones,1.0
number-of-dice-rolls-with-target-sum,equal-sum-arrays-with-minimum-number-of-operations,1.0
number-of-dice-rolls-with-target-sum,find-missing-observations,1.0
find-words-that-can-be-formed-by-characters,rearrange-characters-to-make-target-string,1.0
maximum-level-sum-of-a-binary-tree,kth-largest-sum-in-a-binary-tree,1.0
maximum-level-sum-of-a-binary-tree,cousins-in-binary-tree-ii,1.0
as-far-from-land-as-possible,k-highest-ranked-items-within-a-price-range,1.0
as-far-from-land-as-possible,maximum-manhattan-distance-after-k-changes,1.0
last-substring-in-lexicographical-order,find-the-lexicographically-largest-string-from-the-box-i,1.0
remove-zero-sum-consecutive-nodes-from-linked-list,delete-n-nodes-after-m-nodes-of-a-linked-list,1.0
can-make-palindrome-from-substring,plates-between-candles,1.0
can-make-palindrome-from-substring,maximize-the-number-of-partitions-after-operations,1.0
distance-between-bus-stops,minimum-costs-using-the-train-line,1.0
maximum-subarray-sum-with-one-deletion,maximize-subarray-sum-after-removing-all-occurrences-of-one-element,1.0
maximum-subarray-sum-with-one-deletion,maximum-unique-subarray-sum-after-deletion,1.0
make-array-strictly-increasing,make-array-non-decreasing-or-non-increasing,1.0
monthly-transactions-i,monthly-transactions-ii,1.0
minimum-knight-moves,check-knight-tour-configuration,1.0
find-smallest-common-element-in-all-rows,intersection-of-multiple-arrays,1.0
minimum-time-to-build-blocks,find-time-required-to-eliminate-bacterial-strains,1.0
minimum-absolute-difference,minimum-cost-of-buying-candies-with-discount,1.0
minimum-absolute-difference,minimize-the-maximum-difference-of-pairs,1.0
smallest-string-with-swaps,minimize-hamming-distance-after-swap-operations,1.0
smallest-string-with-swaps,process-restricted-friend-requests,1.0
smallest-string-with-swaps,largest-number-after-digit-swaps-by-parity,1.0
smallest-string-with-swaps,lexicographically-smallest-beautiful-string,1.0
smallest-string-with-swaps,make-lexicographically-smallest-array-by-swapping-elements,1.0
last-person-to-fit-in-the-bus,running-total-for-different-genders,1.0
last-person-to-fit-in-the-bus,the-number-of-seniors-and-juniors-to-join-the-company,1.0
last-person-to-fit-in-the-bus,the-number-of-seniors-and-juniors-to-join-the-company-ii,1.0
get-equal-substrings-within-budget,longest-nice-subarray,1.0
remove-all-adjacent-duplicates-in-string-ii,replace-non-coprime-numbers-in-array,1.0
remove-all-adjacent-duplicates-in-string-ii,minimize-string-length,1.0
queries-quality-and-percentage,percentage-of-users-attended-a-contest,1.0
intersection-of-three-sorted-arrays,intersection-of-multiple-arrays,1.0
stepping-numbers,count-stepping-numbers-in-range,1.0
valid-palindrome-iii,valid-palindrome-iv,1.0
minimum-cost-to-move-chips-to-the-same-position,minimum-number-of-operations-to-move-all-balls-to-each-box,1.0
minimum-cost-to-move-chips-to-the-same-position,split-with-minimum-sum,1.0
longest-arithmetic-subsequence-of-given-difference,destroy-sequential-targets,1.0
count-vowels-permutation,number-of-strings-which-can-be-rearranged-to-contain-substring,1.0
split-a-string-in-balanced-strings,split-strings-by-separator,1.0
queens-that-can-attack-the-king,minimum-moves-to-capture-the-queen,1.0
dice-roll-simulation,find-missing-observations,1.0
dice-roll-simulation,number-of-distinct-roll-sequences,1.0
maximum-equal-frequency,remove-letter-to-equalize-frequency,1.0
maximum-equal-frequency,count-submatrices-with-equal-frequency-of-x-and-y,1.0
report-contiguous-dates,find-the-start-and-end-number-of-continuous-ranges,1.0
report-contiguous-dates,find-the-missing-ids,1.0
report-contiguous-dates,customers-with-strictly-increasing-purchases,1.0
meeting-scheduler,merge-two-2d-arrays-by-summing-values,1.0
meeting-scheduler,reschedule-meetings-for-maximum-free-time-i,1.0
maximum-profit-in-job-scheduling,maximum-earnings-from-taxi,1.0
maximum-profit-in-job-scheduling,two-best-non-overlapping-events,1.0
web-crawler,web-crawler-multithreaded,1.0
tiling-a-rectangle-with-the-fewest-squares,selling-pieces-of-wood,1.0
tree-diameter,count-subtrees-with-max-distance-between-cities,1.0
tree-diameter,find-minimum-diameter-after-merging-two-trees,1.0
minimum-swaps-to-make-strings-equal,determine-if-two-strings-are-close,1.0
minimum-swaps-to-make-strings-equal,make-number-of-distinct-characters-equal,1.0
count-number-of-nice-subarrays,k-divisible-elements-subarrays,1.0
count-number-of-nice-subarrays,count-subarrays-with-fixed-bounds,1.0
count-number-of-nice-subarrays,ways-to-split-array-into-good-subarrays,1.0
count-number-of-nice-subarrays,count-of-interesting-subarrays,1.0
minimum-remove-to-make-valid-parentheses,minimum-number-of-swaps-to-make-the-string-balanced,1.0
minimum-remove-to-make-valid-parentheses,check-if-a-parentheses-string-can-be-valid,1.0
reconstruct-a-2-row-binary-matrix,find-valid-matrix-given-row-and-column-sums,1.0
maximum-score-words-formed-by-letters,maximum-good-people-based-on-statements,1.0
page-recommendations,page-recommendations-ii,1.0
page-recommendations,strong-friendship,1.0
number-of-ways-to-stay-in-the-same-place-after-some-steps,number-of-ways-to-reach-a-position-after-exactly-k-steps,1.0
find-winner-on-a-tic-tac-toe-game,categorize-box-according-to-criteria,1.0
count-square-submatrices-with-all-ones,minimum-cost-homecoming-of-a-robot-in-a-grid,1.0
count-square-submatrices-with-all-ones,count-fertile-pyramids-in-a-land,1.0
palindrome-partitioning-iii,palindrome-partitioning-iv,1.0
palindrome-partitioning-iii,maximum-number-of-non-overlapping-palindrome-substrings,1.0
palindrome-partitioning-iii,minimum-changes-to-make-k-semi-palindromes,1.0
group-the-people-given-the-group-size-they-belong-to,maximum-number-of-groups-with-increasing-length,1.0
find-the-smallest-divisor-given-a-threshold,minimized-maximum-of-products-distributed-to-any-store,1.0
minimum-number-of-flips-to-convert-binary-matrix-to-zero-matrix,minimum-operations-to-remove-adjacent-ones-in-matrix,1.0
minimum-number-of-flips-to-convert-binary-matrix-to-zero-matrix,remove-all-ones-with-row-and-column-flips,1.0
minimum-number-of-flips-to-convert-binary-matrix-to-zero-matrix,remove-all-ones-with-row-and-column-flips-ii,1.0
find-the-start-and-end-number-of-continuous-ranges,find-the-missing-ids,1.0
find-the-start-and-end-number-of-continuous-ranges,customers-with-strictly-increasing-purchases,1.0
shortest-path-in-a-grid-with-obstacles-elimination,shortest-path-to-get-food,1.0
shortest-path-in-a-grid-with-obstacles-elimination,minimum-obstacle-removal-to-reach-corner,1.0
shortest-path-in-a-grid-with-obstacles-elimination,find-a-safe-walk-through-a-grid,1.0
find-numbers-with-even-number-of-digits,finding-3-digit-even-numbers,1.0
find-numbers-with-even-number-of-digits,number-of-even-and-odd-bits,1.0
find-numbers-with-even-number-of-digits,find-if-digit-game-can-be-won,1.0
divide-array-in-sets-of-k-consecutive-numbers,all-divisions-with-the-highest-score-of-a-binary-array,1.0
maximum-number-of-occurrences-of-a-substring,rearrange-characters-to-make-target-string,1.0
replace-elements-with-greatest-element-on-right-side,two-furthest-houses-with-different-colors,1.0
replace-elements-with-greatest-element-on-right-side,next-greater-element-iv,1.0
jump-game-iii,jump-game-vii,1.0
jump-game-iii,jump-game-viii,1.0
jump-game-iii,maximum-number-of-jumps-to-reach-the-last-index,1.0
minimum-insertion-steps-to-make-a-string-palindrome,minimum-number-of-moves-to-make-palindrome,1.0
matrix-block-sum,stamping-the-grid,1.0
matrix-block-sum,maximum-sum-of-an-hourglass,1.0
matrix-block-sum,design-neighbor-sum-service,1.0
distinct-echo-substrings,find-substring-with-given-hash-value,1.0
minimum-flips-to-make-a-or-b-equal-to-c,minimum-bit-flips-to-convert-number,1.0
minimum-distance-to-type-a-word-using-two-fingers,minimum-time-to-type-word-using-special-typewriter,1.0
sort-the-matrix-diagonally,sort-matrix-by-diagonals,1.0
rank-transform-of-an-array,rank-transform-of-a-matrix,1.0
rank-transform-of-an-array,find-target-indices-after-sorting-array,1.0
find-the-city-with-the-smallest-number-of-neighbors-at-a-threshold-distance,second-minimum-time-to-reach-destination,1.0
number-of-transactions-per-visit,find-the-missing-ids,1.0
maximum-product-of-splitted-binary-tree,count-nodes-with-the-highest-score,1.0
jump-game-v,jump-game-vii,1.0
jump-game-v,jump-game-viii,1.0
number-of-steps-to-reduce-a-number-to-zero,minimum-moves-to-reach-target-score,1.0
number-of-steps-to-reduce-a-number-to-zero,count-operations-to-obtain-zero,1.0
number-of-sub-arrays-of-size-k-and-average-greater-than-or-equal-to-threshold,k-radius-subarray-averages,1.0
number-of-sub-arrays-of-size-k-and-average-greater-than-or-equal-to-threshold,count-subarrays-with-median-k,1.0
number-of-sub-arrays-of-size-k-and-average-greater-than-or-equal-to-threshold,apply-operations-to-make-all-array-elements-equal-to-zero,1.0
jump-game-iv,jump-game-vii,1.0
jump-game-iv,jump-game-viii,1.0
jump-game-iv,maximum-number-of-jumps-to-reach-the-last-index,1.0
check-if-n-and-its-double-exist,keep-multiplying-found-values-by-two,1.0
minimum-number-of-steps-to-make-two-strings-anagram,determine-if-two-strings-are-close,1.0
minimum-number-of-steps-to-make-two-strings-anagram,minimum-number-of-steps-to-make-two-strings-anagram-ii,1.0
minimum-number-of-steps-to-make-two-strings-anagram,minimum-operations-to-make-character-frequencies-equal,1.0
tweet-counts-per-frequency,design-video-sharing-platform,1.0
count-negative-numbers-in-a-sorted-matrix,maximum-count-of-positive-integer-and-negative-integer,1.0
maximum-number-of-events-that-can-be-attended,maximum-number-of-events-that-can-be-attended-ii,1.0
maximum-number-of-events-that-can-be-attended,maximum-earnings-from-taxi,1.0
maximum-number-of-events-that-can-be-attended,meeting-rooms-iii,1.0
construct-target-array-with-multiple-sums,minimum-amount-of-time-to-fill-cups,1.0
sort-integers-by-the-number-of-1-bits,find-subsequence-of-length-k-with-the-largest-sum,1.0
sort-integers-by-the-number-of-1-bits,find-if-array-can-be-sorted,1.0
apply-discount-every-n-orders,apply-discount-to-prices,1.0
number-of-substrings-containing-all-three-characters,vowels-of-all-substrings,1.0
number-of-substrings-containing-all-three-characters,count-complete-substrings,1.0
number-of-days-between-two-dates,count-days-spent-together,1.0
closest-divisors,distinct-prime-factors-of-product-of-array,1.0
how-many-numbers-are-smaller-than-the-current-number,longest-subsequence-with-limited-sum,1.0
minimum-cost-to-make-at-least-one-valid-path-in-a-grid,minimum-weighted-subgraph-with-the-required-paths,1.0
minimum-cost-to-make-at-least-one-valid-path-in-a-grid,disconnect-path-in-a-binary-matrix-by-at-most-one-flip,1.0
longest-zigzag-path-in-a-binary-tree,zigzag-grid-traversal-with-skip,1.0
frog-position-after-t-seconds,longest-special-path,1.0
maximum-performance-of-a-team,maximum-fruits-harvested-after-at-most-k-steps,1.0
cinema-seat-allocation,booking-concert-tickets-in-groups,1.0
sort-integers-by-the-power-value,find-score-of-an-array-after-marking-all-elements,1.0
check-if-there-is-a-valid-path-in-a-grid,check-if-there-is-a-valid-parentheses-string-path,1.0
longest-happy-prefix,sum-of-scores-of-built-strings,1.0
longest-happy-prefix,maximum-deletions-on-a-string,1.0
longest-happy-prefix,minimum-time-to-revert-word-to-initial-state-ii,1.0
longest-happy-prefix,minimum-time-to-revert-word-to-initial-state-i,1.0
design-underground-system,design-bitset,1.0
minimum-subsequence-in-non-increasing-order,count-hills-and-valleys-in-an-array,1.0
number-of-steps-to-reduce-a-number-in-binary-representation-to-one,minimum-moves-to-reach-target-score,1.0
stone-game-iii,stone-game-v,1.0
stone-game-iii,stone-game-vi,1.0
stone-game-iii,stone-game-vii,1.0
stone-game-iii,stone-game-viii,1.0
stone-game-iii,stone-game-ix,1.0
string-matching-in-an-array,substring-xor-queries,1.0
number-of-ways-to-paint-n-3-grid,painting-a-grid-with-three-different-colors,1.0
restore-the-array,number-of-ways-to-separate-numbers,1.0
restore-the-array,number-of-beautiful-partitions,1.0
minimum-number-of-frogs-croaking,divide-intervals-into-minimum-number-of-groups,1.0
maximum-points-you-can-obtain-from-cards,maximum-score-from-performing-multiplication-operations,1.0
maximum-points-you-can-obtain-from-cards,removing-minimum-and-maximum-from-array,1.0
maximum-points-you-can-obtain-from-cards,minimum-recolors-to-get-k-consecutive-black-blocks,1.0
maximum-points-you-can-obtain-from-cards,maximum-spending-after-buying-items,1.0
constrained-subsequence-sum,maximum-element-sum-of-a-complete-subset-of-indices,1.0
number-of-ways-to-wear-different-hats-to-each-other,the-number-of-good-subsets,1.0
create-a-session-bar-chart,count-salary-categories,1.0
check-if-all-1s-are-at-least-length-k-places-away,task-scheduler-ii,1.0
longest-continuous-subarray-with-absolute-diff-less-than-or-equal-to-limit,partition-array-such-that-maximum-difference-is-k,1.0
longest-continuous-subarray-with-absolute-diff-less-than-or-equal-to-limit,count-subarrays-with-fixed-bounds,1.0
build-an-array-with-stack-operations,minimum-operations-to-collect-elements,1.0
count-triplets-that-can-form-two-arrays-of-equal-xor,find-the-original-array-of-prefix-xor,1.0
number-of-ways-of-cutting-a-pizza,selling-pieces-of-wood,1.0
consecutive-characters,check-if-an-array-is-consecutive,1.0
consecutive-characters,count-number-of-homogenous-substrings,1.0
consecutive-characters,longest-substring-of-one-repeating-character,1.0
consecutive-characters,minimum-number-of-chairs-in-a-waiting-room,1.0
check-if-a-word-occurs-as-a-prefix-of-any-word-in-a-sentence,counting-words-with-a-given-prefix,1.0
check-if-a-word-occurs-as-a-prefix-of-any-word-in-a-sentence,count-prefixes-of-a-given-string,1.0
maximum-number-of-vowels-in-a-substring-of-given-length,maximum-white-tiles-covered-by-a-carpet,1.0
maximum-number-of-vowels-in-a-substring-of-given-length,minimum-recolors-to-get-k-consecutive-black-blocks,1.0
maximum-number-of-vowels-in-a-substring-of-given-length,length-of-the-longest-alphabetical-continuous-substring,1.0
reorder-routes-to-make-all-paths-lead-to-the-city-zero,minimum-edge-reversals-so-every-node-is-reachable,1.0
design-browser-history,design-video-sharing-platform,1.0
paint-house-iii,number-of-distinct-roll-sequences,1.0
paint-house-iii,paint-house-iv,1.0
find-two-non-overlapping-sub-arrays-each-with-target-sum,find-subarrays-with-equal-sum,1.0
least-number-of-unique-integers-after-k-removals,maximum-number-of-distinct-elements-after-operations,1.0
minimum-number-of-days-to-make-m-bouquets,maximize-the-confusion-of-an-exam,1.0
minimum-number-of-days-to-make-m-bouquets,earliest-possible-day-of-full-bloom,1.0
kth-ancestor-of-a-tree-node,minimum-edge-weight-equilibrium-queries-in-a-tree,1.0
group-sold-products-by-the-date,finding-the-topic-of-each-post,1.0
clone-binary-tree-with-random-pointer,clone-n-ary-tree,1.0
check-if-array-pairs-are-divisible-by-k,count-array-pairs-divisible-by-k,1.0
check-if-array-pairs-are-divisible-by-k,minimum-deletions-to-make-array-divisible,1.0
check-if-array-pairs-are-divisible-by-k,count-pairs-that-form-a-complete-day-ii,1.0
check-if-array-pairs-are-divisible-by-k,count-pairs-that-form-a-complete-day-i,1.0
number-of-subsequences-that-satisfy-the-given-sum-condition,minimum-operations-to-form-subsequence-with-target-sum,1.0
number-of-subsequences-that-satisfy-the-given-sum-condition,find-the-sum-of-subsequence-powers,1.0
number-of-subsequences-that-satisfy-the-given-sum-condition,find-the-sum-of-the-power-of-all-subsequences,1.0
max-value-of-equation,count-pairs-in-two-arrays,1.0
can-make-arithmetic-progression-from-sequence,arithmetic-subarrays,1.0
last-moment-before-all-ants-fall-out-of-a-plank,count-collisions-on-a-road,1.0
last-moment-before-all-ants-fall-out-of-a-plank,movement-of-robots,1.0
count-submatrices-with-all-ones,count-submatrices-with-equal-frequency-of-x-and-y,1.0
find-root-of-n-ary-tree,move-sub-tree-of-n-ary-tree,1.0
minimum-difference-between-largest-and-smallest-value-in-three-moves,minimize-the-maximum-difference-of-pairs,1.0
stone-game-iv,stone-game-v,1.0
stone-game-iv,stone-game-vi,1.0
stone-game-iv,stone-game-vii,1.0
stone-game-iv,stone-game-viii,1.0
stone-game-iv,stone-game-ix,1.0
stone-game-iv,stone-removal-game,1.0
number-of-good-pairs,number-of-pairs-of-interchangeable-rectangles,1.0
number-of-good-pairs,substrings-that-begin-and-end-with-the-same-letter,1.0
number-of-substrings-with-only-1s,count-number-of-homogenous-substrings,1.0
number-of-substrings-with-only-1s,count-vowel-substrings-of-a-string,1.0
path-with-maximum-probability,number-of-ways-to-arrive-at-destination,1.0
water-bottles,water-bottles-ii,1.0
maximum-number-of-non-overlapping-substrings,maximum-number-of-non-overlapping-palindrome-substrings,1.0
count-odd-numbers-in-an-interval-range,check-if-bitwise-or-has-trailing-zeros,1.0
number-of-sub-arrays-with-odd-sum,subsequence-of-size-k-with-the-largest-even-sum,1.0
minimum-suffix-flips,minimum-operations-to-make-binary-array-elements-equal-to-one-ii,1.0
string-compression-ii,string-compression-iii,1.0
the-most-recent-three-orders,the-most-recent-orders-for-each-product,1.0
count-good-triplets,count-special-quadruplets,1.0
count-good-triplets,number-of-unequal-triplets-in-array,1.0
get-the-maximum-score,maximum-score-of-a-node-sequence,1.0
kth-missing-positive-number,append-k-integers-with-minimal-sum,1.0
can-convert-string-in-k-moves,minimum-cost-to-convert-string-i,1.0
can-convert-string-in-k-moves,minimum-cost-to-convert-string-ii,1.0
minimum-insertions-to-balance-a-parentheses-string,minimum-number-of-swaps-to-make-the-string-balanced,1.0
minimum-cost-to-cut-a-stick,number-of-ways-to-divide-a-long-corridor,1.0
minimum-cost-to-cut-a-stick,divide-an-array-into-subarrays-with-minimum-cost-ii,1.0
the-most-recent-orders-for-each-product,the-most-frequently-ordered-products-for-each-customer,1.0
minimum-operations-to-make-array-equal,minimum-number-of-operations-to-make-arrays-similar,1.0
minimum-operations-to-make-array-equal,minimum-operations-to-make-array-equal-ii,1.0
magnetic-force-between-two-balls,minimized-maximum-of-products-distributed-to-any-store,1.0
strings-differ-by-one-character,count-words-obtained-after-adding-a-letter,1.0
stone-game-v,stone-game-vi,1.0
stone-game-v,stone-game-vii,1.0
stone-game-v,stone-game-viii,1.0
stone-game-v,stone-game-ix,1.0
put-boxes-into-the-warehouse-i,put-boxes-into-the-warehouse-ii,1.0
detect-pattern-of-length-m-repeated-k-or-more-times,maximum-repeating-substring,1.0
minimum-number-of-days-to-disconnect-island,disconnect-path-in-a-binary-matrix-by-at-most-one-flip,1.0
minimum-number-of-days-to-disconnect-island,minimum-runes-to-add-to-cast-spell,1.0
matrix-diagonal-sum,check-if-every-row-and-column-contains-all-numbers,1.0
matrix-diagonal-sum,check-if-matrix-is-x-matrix,1.0
shortest-subarray-to-be-removed-to-make-array-sorted,count-the-number-of-incremovable-subarrays-ii,1.0
shortest-subarray-to-be-removed-to-make-array-sorted,count-the-number-of-incremovable-subarrays-i,1.0
customer-who-visited-but-did-not-make-any-transactions,sellers-with-no-sales,1.0
special-positions-in-a-binary-matrix,difference-between-ones-and-zeros-in-row-and-column,1.0
min-cost-to-connect-all-points,minimum-number-of-lines-to-cover-points,1.0
sum-of-all-odd-length-subarrays,sum-of-squares-of-special-elements,1.0
make-sum-divisible-by-p,find-the-divisibility-array-of-a-string,1.0
strange-printer-ii,longest-cycle-in-a-graph,1.0
strange-printer-ii,sort-array-by-moving-items-to-empty-space,1.0
build-binary-expression-tree-from-infix-expression,check-if-two-expression-trees-are-equivalent,1.0
throne-inheritance,operations-on-tree,1.0
find-servers-that-handled-most-number-of-requests,meeting-rooms-iii,1.0
minimum-one-bit-operations-to-make-integers-zero,minimum-number-of-operations-to-make-array-continuous,1.0
minimum-one-bit-operations-to-make-integers-zero,apply-bitwise-operations-to-make-strings-equal,1.0
check-if-two-expression-trees-are-equivalent,minimum-flips-in-binary-tree-to-get-result,1.0
check-if-two-expression-trees-are-equivalent,evaluate-boolean-binary-tree,1.0
lexicographically-smallest-string-after-applying-operations,lexicographically-smallest-string-after-substring-operation,1.0
lexicographically-smallest-string-after-applying-operations,lexicographically-smallest-string-after-a-swap,1.0
graph-connectivity-with-threshold,greatest-common-divisor-traversal,1.0
design-an-expression-tree-with-evaluate-function,minimum-flips-in-binary-tree-to-get-result,1.0
design-an-expression-tree-with-evaluate-function,evaluate-boolean-binary-tree,1.0
path-with-minimum-effort,find-the-safest-path-in-a-grid,1.0
rank-transform-of-a-matrix,gcd-sort-of-an-array,1.0
hopper-company-queries-i,hopper-company-queries-ii,1.0
hopper-company-queries-i,hopper-company-queries-iii,1.0
hopper-company-queries-i,number-of-times-a-driver-was-a-passenger,1.0
sort-array-by-increasing-frequency,divide-array-into-equal-pairs,1.0
sort-array-by-increasing-frequency,most-frequent-number-following-key-in-an-array,1.0
sort-array-by-increasing-frequency,maximum-number-of-pairs-in-array,1.0
sort-array-by-increasing-frequency,node-with-highest-edge-score,1.0
sort-array-by-increasing-frequency,sort-the-people,1.0
widest-vertical-area-between-two-points-containing-no-points,maximum-consecutive-floors-without-special-floors,1.0
count-substrings-that-differ-by-one-character,count-words-obtained-after-adding-a-letter,1.0
furthest-building-you-can-reach,make-the-prefix-sum-non-negative,1.0
furthest-building-you-can-reach,find-building-where-alice-and-bob-can-meet,1.0
lowest-common-ancestor-of-a-binary-tree-ii,lowest-common-ancestor-of-a-binary-tree-iii,1.0
lowest-common-ancestor-of-a-binary-tree-ii,lowest-common-ancestor-of-a-binary-tree-iv,1.0
hopper-company-queries-ii,hopper-company-queries-iii,1.0
hopper-company-queries-ii,number-of-times-a-driver-was-a-passenger,1.0
get-maximum-in-generated-array,largest-element-in-an-array-after-merge-operations,1.0
minimum-deletions-to-make-character-frequencies-unique,minimum-deletions-to-make-array-beautiful,1.0
minimum-deletions-to-make-character-frequencies-unique,removing-minimum-and-maximum-from-array,1.0
minimum-deletions-to-make-character-frequencies-unique,remove-letter-to-equalize-frequency,1.0
minimum-deletions-to-make-character-frequencies-unique,minimum-deletions-to-make-string-k-special,1.0
sell-diminishing-valued-colored-balls,maximum-running-time-of-n-computers,1.0
create-sorted-array-through-instructions,count-good-triplets-in-an-array,1.0
create-sorted-array-through-instructions,longest-substring-of-one-repeating-character,1.0
create-sorted-array-through-instructions,sort-array-by-moving-items-to-empty-space,1.0
lowest-common-ancestor-of-a-binary-tree-iii,lowest-common-ancestor-of-a-binary-tree-iv,1.0
hopper-company-queries-iii,number-of-times-a-driver-was-a-passenger,1.0
defuse-the-bomb,circular-sentence,1.0
defuse-the-bomb,shortest-distance-to-target-string-in-a-circular-array,1.0
defuse-the-bomb,take-k-of-each-character-from-left-and-right,1.0
minimum-deletions-to-make-string-balanced,check-if-all-as-appears-before-all-bs,1.0
minimum-jumps-to-reach-home,reachable-nodes-with-restrictions,1.0
minimum-jumps-to-reach-home,maximum-number-of-jumps-to-reach-the-last-index,1.0
design-an-ordered-stream,longest-uploaded-prefix,1.0
minimum-operations-to-reduce-x-to-zero,minimum-operations-to-convert-number,1.0
minimum-operations-to-reduce-x-to-zero,removing-minimum-number-of-magic-beans,1.0
minimum-operations-to-reduce-x-to-zero,minimum-operations-to-make-the-integer-zero,1.0
check-if-two-string-arrays-are-equivalent,check-if-an-original-string-exists-given-two-encoded-strings,1.0
maximum-repeating-substring,minimum-number-of-operations-to-make-word-k-periodic,1.0
minimum-number-of-removals-to-make-mountain-array,beautiful-towers-ii,1.0
minimum-number-of-removals-to-make-mountain-array,beautiful-towers-i,1.0
minimum-moves-to-make-array-complementary,zero-array-transformation-ii,1.0
minimum-moves-to-make-array-complementary,zero-array-transformation-iii,1.0
lowest-common-ancestor-of-a-binary-tree-iv,lowest-common-ancestor-of-a-binary-tree-iv,1.0
max-number-of-k-sum-pairs,count-good-meals,1.0
max-number-of-k-sum-pairs,divide-players-into-teams-of-equal-skill,1.0
concatenation-of-consecutive-binary-numbers,maximum-possible-number-by-binary-concatenation,1.0
count-the-number-of-consistent-strings,count-pairs-of-similar-strings,1.0
stone-game-vi,stone-game-vii,1.0
stone-game-vi,stone-game-viii,1.0
stone-game-vi,stone-game-ix,1.0
count-of-matches-in-tournament,count-distinct-numbers-on-board,1.0
stone-game-vii,maximum-score-from-performing-multiplication-operations,1.0
stone-game-vii,stone-game-viii,1.0
stone-game-vii,stone-game-ix,1.0
maximum-height-by-stacking-cuboids,the-number-of-weak-characters-in-the-game,1.0
maximum-height-by-stacking-cuboids,maximum-number-of-groups-entering-a-competition,1.0
count-ways-to-distribute-candies,distribute-candies-among-children-i,1.0
count-ways-to-distribute-candies,distribute-candies-among-children-ii,1.0
jump-game-vi,jump-game-vii,1.0
jump-game-vi,jump-game-viii,1.0
jump-game-vi,maximize-value-of-function-in-a-ball-passing-game,1.0
checking-existence-of-edge-length-limited-paths,checking-existence-of-edge-length-limited-paths-ii,1.0
checking-existence-of-edge-length-limited-paths,number-of-good-paths,1.0
checking-existence-of-edge-length-limited-paths,minimum-score-of-a-path-between-two-cities,1.0
number-of-students-unable-to-eat-lunch,time-needed-to-buy-tickets,1.0
average-waiting-time,average-height-of-buildings-in-each-segment,1.0
maximum-binary-string-after-change,longest-binary-subsequence-less-than-or-equal-to-k,1.0
minimum-adjacent-swaps-for-k-consecutive-ones,minimum-number-of-operations-to-make-array-continuous,1.0
minimum-adjacent-swaps-for-k-consecutive-ones,minimum-adjacent-swaps-to-make-a-valid-array,1.0
maximum-xor-with-an-element-from-array,maximum-genetic-difference-query,1.0
maximum-xor-with-an-element-from-array,minimize-xor,1.0
maximum-xor-with-an-element-from-array,maximum-strong-pair-xor-i,1.0
maximum-xor-with-an-element-from-array,maximum-strong-pair-xor-ii,1.0
biggest-window-between-visits,users-with-two-purchases-within-seven-days,1.0
maximum-units-on-a-truck,maximum-bags-with-full-capacity-of-rocks,1.0
count-good-meals,find-all-possible-recipes-from-given-supplies,1.0
ways-to-split-array-into-three-subarrays,number-of-ways-to-divide-a-long-corridor,1.0
ways-to-split-array-into-three-subarrays,number-of-ways-to-split-array,1.0
minimum-operations-to-make-a-subsequence,append-characters-to-string-to-make-subsequence,1.0
calculate-money-in-leetcode-bank,distribute-money-to-maximum-children,1.0
maximum-score-from-removing-substrings,count-words-obtained-after-adding-a-letter,1.0
construct-the-lexicographically-largest-valid-sequence,the-number-of-beautiful-subsets,1.0
construct-the-lexicographically-largest-valid-sequence,find-the-lexicographically-largest-string-from-the-box-i,1.0
number-of-ways-to-reconstruct-a-tree,create-binary-tree-from-descriptions,1.0
number-of-ways-to-reconstruct-a-tree,maximum-star-sum-of-a-graph,1.0
decode-xored-array,find-the-original-array-of-prefix-xor,1.0
minimize-hamming-distance-after-swap-operations,make-lexicographically-smallest-array-by-swapping-elements,1.0
find-minimum-time-to-finish-all-jobs,minimum-number-of-work-sessions-to-finish-the-tasks,1.0
find-minimum-time-to-finish-all-jobs,find-minimum-time-to-finish-all-jobs-ii,1.0
checking-existence-of-edge-length-limited-paths-ii,number-of-good-paths,1.0
checking-existence-of-edge-length-limited-paths-ii,minimum-score-of-a-path-between-two-cities,1.0
shortest-path-to-get-food,amount-of-time-for-binary-tree-to-be-infected,1.0
decode-xored-permutation,find-xor-beauty-of-array,1.0
count-ways-to-make-array-with-product,count-the-number-of-ideal-arrays,1.0
count-ways-to-make-array-with-product,smallest-value-after-replacing-with-sum-of-prime-factors,1.0
count-ways-to-make-array-with-product,closest-prime-numbers-in-range,1.0
latest-time-by-replacing-hidden-digits,number-of-valid-clock-times,1.0
latest-time-by-replacing-hidden-digits,latest-time-you-can-obtain-after-replacing-characters,1.0
building-boxes,block-placement-queries,1.0
find-distance-in-a-binary-tree,step-by-step-directions-from-a-binary-tree-node-to-another,1.0
maximum-number-of-balls-in-a-box,find-the-number-of-distinct-colors-among-the-balls,1.0
palindrome-partitioning-iv,maximum-number-of-non-overlapping-palindrome-substrings,1.0
maximum-number-of-events-that-can-be-attended-ii,maximum-earnings-from-taxi,1.0
maximum-number-of-events-that-can-be-attended-ii,two-best-non-overlapping-events,1.0
maximum-number-of-events-that-can-be-attended-ii,meeting-rooms-iii,1.0
check-if-array-is-sorted-and-rotated,check-if-all-as-appears-before-all-bs,1.0
maximum-score-from-removing-stones,minimum-amount-of-time-to-fill-cups,1.0
largest-merge-of-two-strings,maximum-matching-of-players-with-trainers,1.0
largest-merge-of-two-strings,decremental-string-concatenation,1.0
closest-subsequence-sum,minimize-the-difference-between-target-and-chosen-elements,1.0
closest-subsequence-sum,partition-array-into-two-arrays-to-minimize-sum-difference,1.0
closest-subsequence-sum,minimum-operations-to-form-subsequence-with-target-sum,1.0
closest-subsequence-sum,find-the-sum-of-subsequence-powers,1.0
minimum-changes-to-make-alternating-binary-string,remove-adjacent-almost-equal-characters,1.0
count-number-of-homogenous-substrings,sum-of-subarray-ranges,1.0
count-number-of-homogenous-substrings,count-the-number-of-good-subarrays,1.0
minimum-limit-of-balls-in-a-bag,maximum-candies-allocated-to-k-children,1.0
minimum-limit-of-balls-in-a-bag,minimized-maximum-of-products-distributed-to-any-store,1.0
minimum-degree-of-a-connected-trio-in-a-graph,add-edges-to-make-degrees-of-all-nodes-even,1.0
buildings-with-an-ocean-view,number-of-visible-people-in-a-queue,1.0
buildings-with-an-ocean-view,finding-the-number-of-visible-mountains,1.0
longest-nice-substring,number-of-good-paths,1.0
merge-strings-alternately,minimum-additions-to-make-valid-string,1.0
minimum-number-of-operations-to-move-all-balls-to-each-box,minimum-moves-to-spread-stones-over-grid,1.0
maximum-score-from-performing-multiplication-operations,maximum-spending-after-buying-items,1.0
car-fleet-ii,count-collisions-on-a-road,1.0
products-price-for-each-store,rearrange-products-table,1.0
products-price-for-each-store,dynamic-pivoting-of-a-table,1.0
shortest-path-in-a-hidden-grid,minimum-path-cost-in-a-hidden-grid,1.0
sum-of-beauty-of-all-substrings,substrings-that-begin-and-end-with-the-same-letter,1.0
check-if-binary-string-has-at-most-one-segment-of-ones,longer-contiguous-segments-of-ones-than-zeros,1.0
number-of-restricted-paths-from-first-to-last-node,all-ancestors-of-a-node-in-a-directed-acyclic-graph,1.0
number-of-restricted-paths-from-first-to-last-node,design-graph-with-shortest-path-calculator,1.0
number-of-restricted-paths-from-first-to-last-node,minimum-cost-of-a-path-with-special-roads,1.0
make-the-xor-of-all-segments-equal-to-zero,maximum-xor-score-subarray-queries,1.0
check-if-one-string-swap-can-make-strings-equal,make-number-of-distinct-characters-equal,1.0
check-if-one-string-swap-can-make-strings-equal,count-almost-equal-pairs-i,1.0
find-center-of-star-graph,maximum-star-sum-of-a-graph,1.0
rearrange-products-table,dynamic-unpivoting-of-a-table,1.0
second-largest-digit-in-a-string,remove-digit-from-number-to-maximize-result,1.0
maximum-ascending-subarray-sum,find-good-days-to-rob-the-bank,1.0
maximum-ascending-subarray-sum,maximum-number-of-books-you-can-take,1.0
maximum-ascending-subarray-sum,count-strictly-increasing-subarrays,1.0
count-pairs-with-xor-in-a-range,count-paths-with-the-given-xor-value,1.0
implement-trie-ii-prefix-tree,encrypt-and-decrypt-strings,1.0
number-of-different-integers-in-a-string,longest-subarray-with-maximum-bitwise-and,1.0
evaluate-the-bracket-pairs-of-a-string,apply-substitutions,1.0
determine-color-of-a-chessboard-square,check-if-two-chessboard-squares-have-the-same-color,1.0
count-nice-pairs-in-an-array,number-of-pairs-of-interchangeable-rectangles,1.0
count-nice-pairs-in-an-array,count-number-of-bad-pairs,1.0
count-nice-pairs-in-an-array,number-of-pairs-satisfying-inequality,1.0
minimum-absolute-sum-difference,minimum-sum-of-squared-difference,1.0
minimum-absolute-sum-difference,minimize-the-maximum-adjacent-element-difference,1.0
number-of-different-subsequences-gcds,find-greatest-common-divisor-of-array,1.0
finding-mk-average,sequentially-ordinal-rank-tracker,1.0
minimum-operations-to-make-the-array-increasing,make-array-non-decreasing-or-non-increasing,1.0
minimum-operations-to-make-the-array-increasing,maximum-product-after-k-increments,1.0
minimum-operations-to-make-the-array-increasing,minimum-replacements-to-sort-the-array,1.0
minimum-operations-to-make-the-array-increasing,minimum-operations-to-make-columns-strictly-increasing,1.0
queries-on-number-of-points-inside-a-circle,count-lattice-points-inside-a-circle,1.0
queries-on-number-of-points-inside-a-circle,count-number-of-rectangles-containing-each-point,1.0
queries-on-number-of-points-inside-a-circle,check-if-the-rectangle-corner-is-reachable,1.0
maximum-xor-for-each-query,count-the-number-of-beautiful-subarrays,1.0
single-threaded-cpu,parallel-courses-iii,1.0
single-threaded-cpu,minimum-time-to-complete-all-tasks,1.0
sum-of-digits-in-base-k,count-symmetric-integers,1.0
frequency-of-the-most-frequent-element,find-all-lonely-numbers-in-the-array,1.0
frequency-of-the-most-frequent-element,longest-nice-subarray,1.0
frequency-of-the-most-frequent-element,apply-operations-to-maximize-frequency-score,1.0
frequency-of-the-most-frequent-element,maximum-frequency-of-an-element-after-performing-operations-i,1.0
frequency-of-the-most-frequent-element,maximum-frequency-of-an-element-after-performing-operations-ii,1.0
frequency-of-the-most-frequent-element,maximum-difference-between-even-and-odd-frequency-ii,1.0
longest-substring-of-all-vowels-in-order,count-vowel-substrings-of-a-string,1.0
longest-substring-of-all-vowels-in-order,longest-nice-subarray,1.0
longest-substring-of-all-vowels-in-order,count-of-substrings-containing-every-vowel-and-k-consonants-ii,1.0
longest-substring-of-all-vowels-in-order,count-of-substrings-containing-every-vowel-and-k-consonants-i,1.0
seat-reservation-manager,design-a-number-container-system,1.0
closest-room,most-beautiful-item-for-each-query,1.0
closest-room,minimum-time-to-kill-all-monsters,1.0
minimum-interval-to-include-each-query,number-of-flowers-in-full-bloom,1.0
maximum-population-year,shifting-letters-ii,1.0
maximum-distance-between-a-pair-of-values,two-furthest-houses-with-different-colors,1.0
maximum-subarray-min-product,subarray-with-elements-greater-than-varying-threshold,1.0
sorting-the-sentence,check-if-numbers-are-ascending-in-a-sentence,1.0
finding-pairs-with-a-certain-sum,count-number-of-pairs-with-absolute-difference-k,1.0
finding-pairs-with-a-certain-sum,number-of-distinct-averages,1.0
finding-pairs-with-a-certain-sum,count-the-number-of-fair-pairs,1.0
longer-contiguous-segments-of-ones-than-zeros,count-subarrays-with-more-ones-than-zeros,1.0
minimum-speed-to-arrive-on-time,maximum-candies-allocated-to-k-children,1.0
minimum-speed-to-arrive-on-time,minimum-skips-to-arrive-at-meeting-on-time,1.0
minimum-speed-to-arrive-on-time,minimum-time-to-complete-trips,1.0
minimum-speed-to-arrive-on-time,the-latest-time-to-catch-a-bus,1.0
minimum-speed-to-arrive-on-time,minimize-maximum-of-array,1.0
jump-game-vii,jump-game-vii,1.0
jump-game-vii,jump-game-viii,1.0
jump-game-vii,count-vowel-strings-in-ranges,1.0
jump-game-vii,maximum-number-of-jumps-to-reach-the-last-index,1.0
stone-game-viii,stone-game-viii,1.0
stone-game-viii,stone-game-ix,1.0
minimize-product-sum-of-two-arrays,choose-numbers-from-two-arrays-in-range,1.0
get-biggest-three-rhombus-sums-in-a-grid,count-fertile-pyramids-in-a-land,1.0
minimum-xor-sum-of-two-arrays,fair-distribution-of-cookies,1.0
minimum-xor-sum-of-two-arrays,choose-numbers-from-two-arrays-in-range,1.0
minimum-xor-sum-of-two-arrays,maximum-and-sum-of-array,1.0
process-tasks-using-servers,parallel-courses-iii,1.0
minimum-skips-to-arrive-at-meeting-on-time,minimum-time-to-finish-the-race,1.0
count-pairs-in-two-arrays,substrings-that-begin-and-end-with-the-same-letter,1.0
minimum-number-of-flips-to-make-the-binary-string-alternating,minimum-operations-to-make-the-array-alternating,1.0
cutting-ribbons,add-minimum-number-of-rungs,1.0
page-recommendations-ii,strong-friendship,1.0
check-if-all-the-integers-in-a-range-are-covered,find-maximal-uncovered-ranges,1.0
find-the-student-that-will-replace-the-chalk,pass-the-pillow,1.0
maximum-number-of-removable-characters,maximum-candies-allocated-to-k-children,1.0
find-a-peak-element-ii,find-the-peaks,1.0
largest-odd-number-in-string,largest-3-same-digit-number-in-string,1.0
count-sub-islands,find-all-groups-of-farmland,1.0
game-of-nim,subtree-removal-game-with-fibonacci-tree,1.0
remove-one-element-to-make-the-array-strictly-increasing,steps-to-make-array-non-decreasing,1.0
remove-one-element-to-make-the-array-strictly-increasing,find-the-maximum-factor-score-of-array,1.0
remove-all-occurrences-of-a-substring,maximum-deletions-on-a-string,1.0
maximum-alternating-subsequence-sum,maximum-alternating-subarray-sum,1.0
maximum-alternating-subsequence-sum,maximum-element-sum-of-a-complete-subset-of-indices,1.0
maximum-alternating-subsequence-sum,maximum-product-of-subsequences-with-an-alternating-sum-equal-to-k,1.0
count-ways-to-build-rooms-in-an-ant-colony,count-anagrams,1.0
count-ways-to-build-rooms-in-an-ant-colony,count-the-number-of-good-subsequences,1.0
leetcodify-friends-recommendations,leetcodify-similar-friends,1.0
leetcodify-friends-recommendations,strong-friendship,1.0
eliminate-maximum-number-of-monsters,minimum-health-to-beat-game,1.0
eliminate-maximum-number-of-monsters,minimum-time-to-kill-all-monsters,1.0
count-good-numbers,count-the-number-of-arrays-with-k-matching-adjacent-elements,1.0
count-square-sum-triples,number-of-unequal-triplets-in-array,1.0
minimum-cost-to-reach-destination-in-time,maximum-cost-of-trip-with-k-highways,1.0
minimum-cost-to-reach-destination-in-time,maximum-path-quality-of-a-graph,1.0
minimum-cost-to-reach-destination-in-time,minimum-cost-to-reach-city-with-discounts,1.0
minimum-cost-to-reach-destination-in-time,find-minimum-time-to-reach-last-room-i,1.0
minimum-cost-to-reach-destination-in-time,find-minimum-time-to-reach-last-room-ii,1.0
unique-length-3-palindromic-subsequences,count-palindromic-subsequences,1.0
maximum-number-of-points-with-cost,minimize-the-difference-between-target-and-chosen-elements,1.0
check-if-all-characters-have-equal-number-of-occurrences,rings-and-rods,1.0
check-if-all-characters-have-equal-number-of-occurrences,make-number-of-distinct-characters-equal,1.0
describe-the-painting,average-height-of-buildings-in-each-segment,1.0
describe-the-painting,amount-of-new-area-painted-each-day,1.0
describe-the-painting,shifting-letters-ii,1.0
number-of-visible-people-in-a-queue,sum-of-subarray-ranges,1.0
number-of-visible-people-in-a-queue,sum-of-total-strength-of-wizards,1.0
number-of-visible-people-in-a-queue,number-of-people-that-can-be-seen-in-a-grid,1.0
number-of-visible-people-in-a-queue,find-building-where-alice-and-bob-can-meet,1.0
sum-of-digits-of-string-after-convert,count-integers-with-even-digit-sum,1.0
sum-of-digits-of-string-after-convert,minimum-element-after-replacement-with-digit-sum,1.0
three-divisors,find-greatest-common-divisor-of-array,1.0
three-divisors,smallest-even-multiple,1.0
delete-characters-to-make-fancy-string,find-maximum-removals-from-source-string,1.0
maximum-product-of-the-length-of-two-palindromic-substrings,maximum-product-of-the-length-of-two-palindromic-subsequences,1.0
maximum-product-of-the-length-of-two-palindromic-substrings,minimum-cost-to-make-array-equal,1.0
check-if-string-is-a-prefix-of-array,count-prefixes-of-a-given-string,1.0
remove-stones-to-minimize-the-total,minimum-operations-to-halve-array-sum,1.0
remove-stones-to-minimize-the-total,maximal-score-after-applying-k-operations,1.0
remove-stones-to-minimize-the-total,take-gifts-from-the-richest-pile,1.0
array-with-elements-not-equal-to-average-of-neighbors,design-neighbor-sum-service,1.0
last-day-where-you-can-still-cross,escape-the-spreading-fire,1.0
find-if-path-exists-in-graph,valid-arrangement-of-pairs,1.0
find-if-path-exists-in-graph,paths-in-maze-that-lead-to-same-room,1.0
count-nodes-equal-to-sum-of-descendants,count-nodes-equal-to-average-of-subtree,1.0
number-of-ways-to-arrive-at-destination,second-minimum-time-to-reach-destination,1.0
number-of-ways-to-separate-numbers,number-of-beautiful-partitions,1.0
find-greatest-common-divisor-of-array,smallest-even-multiple,1.0
find-greatest-common-divisor-of-array,number-of-subarrays-with-gcd-equal-to-k,1.0
find-greatest-common-divisor-of-array,find-the-number-of-subsequences-with-equal-gcd,1.0
find-greatest-common-divisor-of-array,maximum-subarray-with-equal-products,1.0
find-array-given-subset-sums,recover-the-original-array,1.0
minimum-number-of-work-sessions-to-finish-the-tasks,fair-distribution-of-cookies,1.0
minimum-number-of-work-sessions-to-finish-the-tasks,find-minimum-time-to-finish-all-jobs-ii,1.0
maximum-number-of-people-that-can-be-caught-in-tag,minimum-number-of-food-buckets-to-feed-the-hamsters,1.0
find-the-middle-index-in-array,number-of-ways-to-split-array,1.0
find-the-middle-index-in-array,maximum-sum-score-of-array,1.0
find-the-middle-index-in-array,left-and-right-sum-differences,1.0
the-number-of-good-subsets,fair-distribution-of-cookies,1.0
count-special-quadruplets,count-increasing-quadruplets,1.0
number-of-pairs-of-interchangeable-rectangles,replace-non-coprime-numbers-in-array,1.0
maximum-product-of-the-length-of-two-palindromic-subsequences,maximum-points-in-an-archery-competition,1.0
the-number-of-seniors-and-juniors-to-join-the-company,the-number-of-seniors-and-juniors-to-join-the-company-ii,1.0
count-number-of-pairs-with-absolute-difference-k,count-equal-and-divisible-pairs-in-an-array,1.0
count-number-of-pairs-with-absolute-difference-k,count-number-of-bad-pairs,1.0
count-number-of-pairs-with-absolute-difference-k,count-the-number-of-fair-pairs,1.0
find-original-array-from-doubled-array,recover-the-original-array,1.0
sum-of-beauty-in-the-array,maximum-value-of-an-ordered-triplet-ii,1.0
average-height-of-buildings-in-each-segment,amount-of-new-area-painted-each-day,1.0
average-height-of-buildings-in-each-segment,divide-intervals-into-minimum-number-of-groups,1.0
maximum-difference-between-increasing-elements,two-furthest-houses-with-different-colors,1.0
grid-game,minimum-penalty-for-a-shop,1.0
brightest-position-on-street,minimum-number-of-food-buckets-to-feed-the-hamsters,1.0
brightest-position-on-street,count-positions-on-street-with-required-brightness,1.0
maximize-the-confusion-of-an-exam,longest-nice-subarray,1.0
minimum-moves-to-convert-string,minimum-cost-to-convert-string-i,1.0
minimum-moves-to-convert-string,minimum-cost-to-convert-string-ii,1.0
stone-game-ix,stone-game-ix,1.0
smallest-k-length-subsequence-with-occurrences-of-a-letter,subarray-with-elements-greater-than-varying-threshold,1.0
smallest-k-length-subsequence-with-occurrences-of-a-letter,find-the-lexicographically-smallest-valid-sequence,1.0
count-subarrays-with-more-ones-than-zeros,all-divisions-with-the-highest-score-of-a-binary-array,1.0
partition-array-into-two-arrays-to-minimize-sum-difference,fair-distribution-of-cookies,1.0
partition-array-into-two-arrays-to-minimize-sum-difference,number-of-ways-to-split-array,1.0
partition-array-into-two-arrays-to-minimize-sum-difference,minimum-sum-of-squared-difference,1.0
partition-array-into-two-arrays-to-minimize-sum-difference,split-with-minimum-sum,1.0
remove-colored-pieces-if-both-neighbors-are-the-same-color,longest-subarray-with-maximum-bitwise-and,1.0
kth-smallest-product-of-two-sorted-arrays,maximum-number-of-robots-within-budget,1.0
check-if-numbers-are-ascending-in-a-sentence,check-if-all-as-appears-before-all-bs,1.0
simple-bank-system,design-an-atm-machine,1.0
count-number-of-maximum-bitwise-or-subsets,largest-combination-with-bitwise-and-greater-than-zero,1.0
count-number-of-maximum-bitwise-or-subsets,longest-subarray-with-maximum-bitwise-and,1.0
number-of-valid-words-in-a-sentence,maximum-number-of-words-found-in-sentences,1.0
next-greater-numerically-balanced-number,find-the-width-of-columns-of-a-grid,1.0
parallel-courses-iii,maximum-employees-to-be-invited-to-a-meeting,1.0
kth-distinct-string-in-an-array,count-common-words-with-one-occurrence,1.0
two-best-non-overlapping-events,maximize-win-from-two-segments,1.0
two-best-non-overlapping-events,maximum-score-of-non-overlapping-intervals,1.0
count-vowel-substrings-of-a-string,total-appeal-of-a-string,1.0
count-vowel-substrings-of-a-string,count-of-substrings-containing-every-vowel-and-k-consonants-ii,1.0
count-vowel-substrings-of-a-string,count-of-substrings-containing-every-vowel-and-k-consonants-i,1.0
vowels-of-all-substrings,total-appeal-of-a-string,1.0
minimized-maximum-of-products-distributed-to-any-store,maximum-candies-allocated-to-k-children,1.0
minimized-maximum-of-products-distributed-to-any-store,minimum-time-to-complete-trips,1.0
minimized-maximum-of-products-distributed-to-any-store,maximum-number-of-robots-within-budget,1.0
number-of-equal-count-substrings,unique-substrings-with-equal-digit-frequency,1.0
check-whether-two-strings-are-almost-equivalent,find-the-occurrence-of-first-almost-equal-substring,1.0
most-beautiful-item-for-each-query,find-the-score-of-all-prefixes-of-an-array,1.0
most-beautiful-item-for-each-query,maximum-sum-queries,1.0
maximum-number-of-tasks-you-can-assign,maximum-running-time-of-n-computers,1.0
maximum-number-of-tasks-you-can-assign,maximum-number-of-robots-within-budget,1.0
maximum-number-of-tasks-you-can-assign,maximum-matching-of-players-with-trainers,1.0
maximum-number-of-tasks-you-can-assign,maximize-the-minimum-powered-city,1.0
the-winner-university,the-number-of-rich-customers,1.0
process-restricted-friend-requests,maximum-employees-to-be-invited-to-a-meeting,1.0
paths-in-maze-that-lead-to-same-room,distance-to-a-cycle-in-undirected-graph,1.0
watering-plants,watering-plants-ii,1.0
substrings-that-begin-and-end-with-the-same-letter,unique-substrings-with-equal-digit-frequency,1.0
minimum-cost-homecoming-of-a-robot-in-a-grid,paths-in-matrix-whose-sum-is-divisible-by-k,1.0
minimum-cost-homecoming-of-a-robot-in-a-grid,check-if-there-is-a-path-with-equal-number-of-0s-and-1s,1.0
find-target-indices-after-sorting-array,find-words-containing-character,1.0
k-radius-subarray-averages,find-the-grid-of-region-average,1.0
minimum-cost-to-reach-city-with-discounts,maximum-cost-of-trip-with-k-highways,1.0
find-subsequence-of-length-k-with-the-largest-sum,minimum-difference-in-sums-after-removal-of-elements,1.0
find-good-days-to-rob-the-bank,find-all-good-indices,1.0
sum-of-subarray-ranges,sum-of-total-strength-of-wizards,1.0
number-of-smooth-descent-periods-of-a-stock,number-of-zero-filled-subarrays,1.0
check-if-a-parentheses-string-can-be-valid,check-if-there-is-a-valid-parentheses-string-path,1.0
abbreviating-the-product-of-a-range,maximum-trailing-zeros-in-a-cornered-path,1.0
abbreviating-the-product-of-a-range,find-all-good-indices,1.0
minimum-operations-to-remove-adjacent-ones-in-matrix,remove-all-ones-with-row-and-column-flips,1.0
remove-all-ones-with-row-and-column-flips,remove-all-ones-with-row-and-column-flips-ii,1.0
remove-all-ones-with-row-and-column-flips,difference-between-ones-and-zeros-in-row-and-column,1.0
check-if-every-row-and-column-contains-all-numbers,first-completely-painted-row-or-column,1.0
minimum-swaps-to-group-all-1s-together-ii,time-needed-to-rearrange-a-binary-string,1.0
maximum-running-time-of-n-computers,minimum-time-to-complete-trips,1.0
maximum-running-time-of-n-computers,minimum-amount-of-time-to-fill-cups,1.0
minimum-cost-of-buying-candies-with-discount,minimum-number-of-operations-to-satisfy-conditions,1.0
minimum-cost-of-buying-candies-with-discount,check-if-grid-satisfies-conditions,1.0
k-highest-ranked-items-within-a-price-range,reward-top-k-students,1.0
rearrange-array-elements-by-sign,partition-array-according-to-given-pivot,1.0
rearrange-array-elements-by-sign,largest-number-after-digit-swaps-by-parity,1.0
minimum-number-of-lines-to-cover-points,minimum-lines-to-represent-a-line-chart,1.0
minimum-sum-of-four-digit-number-after-splitting-digits,difference-between-element-sum-and-digit-sum-of-an-array,1.0
minimum-sum-of-four-digit-number-after-splitting-digits,alternating-digit-sum,1.0
minimum-difference-in-sums-after-removal-of-elements,find-minimum-cost-to-remove-array-elements,1.0
minimum-operations-to-make-the-array-alternating,minimum-deletions-to-make-array-beautiful,1.0
count-equal-and-divisible-pairs-in-an-array,count-number-of-bad-pairs,1.0
find-three-consecutive-integers-that-sum-to-a-given-number,number-of-ways-to-buy-pens-and-pencils,1.0
count-good-triplets-in-an-array,number-of-good-paths,1.0
count-good-triplets-in-an-array,count-increasing-quadruplets,1.0
count-integers-with-even-digit-sum,sum-of-numbers-with-units-digit-k,1.0
count-integers-with-even-digit-sum,number-of-ways-to-buy-pens-and-pencils,1.0
count-integers-with-even-digit-sum,separate-the-digits-in-an-array,1.0
count-integers-with-even-digit-sum,find-if-digit-game-can-be-won,1.0
count-array-pairs-divisible-by-k,number-of-single-divisor-triplets,1.0
count-array-pairs-divisible-by-k,find-the-number-of-good-pairs-ii,1.0
count-array-pairs-divisible-by-k,find-the-number-of-good-pairs-i,1.0
number-of-ways-to-build-sturdy-brick-wall,minimum-time-to-kill-all-monsters,1.0
counting-words-with-a-given-prefix,count-prefixes-of-a-given-string,1.0
minimum-time-to-complete-trips,maximum-candies-allocated-to-k-children,1.0
minimum-time-to-complete-trips,maximum-number-of-robots-within-budget,1.0
minimum-time-to-complete-trips,minimize-maximum-of-array,1.0
minimum-time-to-complete-trips,minimum-amount-of-damage-dealt-to-bob,1.0
minimum-number-of-moves-to-make-palindrome,minimum-number-of-flips-to-make-binary-grid-palindromic-i,1.0
append-k-integers-with-minimal-sum,maximum-number-of-integers-to-choose-from-a-range-i,1.0
append-k-integers-with-minimal-sum,maximum-number-of-integers-to-choose-from-a-range-ii,1.0
replace-non-coprime-numbers-in-array,split-the-array-to-make-coprime-products,1.0
find-all-k-distant-indices-in-an-array,minimum-absolute-difference-between-elements-with-constraint,1.0
minimum-weighted-subgraph-with-the-required-paths,escape-the-spreading-fire,1.0
minimum-weighted-subgraph-with-the-required-paths,disconnect-path-in-a-binary-matrix-by-at-most-one-flip,1.0
the-number-of-users-that-are-eligible-for-discount,the-users-that-are-eligible-for-discount,1.0
divide-array-into-equal-pairs,distribute-elements-into-two-arrays-i,1.0
divide-array-into-equal-pairs,distribute-elements-into-two-arrays-ii,1.0
minimum-operations-to-halve-array-sum,minimum-operations-to-exceed-threshold-value-ii,1.0
longest-substring-of-one-repeating-character,longest-increasing-subsequence-ii,1.0
find-the-difference-of-two-arrays,intersection-of-multiple-arrays,1.0
find-palindrome-with-fixed-length,lexicographically-smallest-beautiful-string,1.0
minimum-bit-flips-to-convert-number,minimum-number-of-operations-to-make-array-xor-equal-to-k,1.0
minimum-bit-flips-to-convert-number,smallest-number-with-all-set-bits,1.0
find-triangular-sum-of-an-array,calculate-digit-sum-of-a-string,1.0
find-triangular-sum-of-an-array,min-max-game,1.0
minimum-number-of-operations-to-convert-time,design-an-atm-machine,1.0
minimum-number-of-operations-to-convert-time,count-days-spent-together,1.0
maximum-candies-allocated-to-k-children,minimize-maximum-of-array,1.0
maximum-candies-allocated-to-k-children,maximize-happiness-of-selected-children,1.0
encrypt-and-decrypt-strings,find-the-sum-of-encrypted-integers,1.0
count-positions-on-street-with-required-brightness,increment-submatrices-by-one,1.0
minimum-rounds-to-complete-all-tasks,odd-string-difference,1.0
minimum-rounds-to-complete-all-tasks,minimum-levels-to-gain-more-points,1.0
longest-path-with-different-adjacent-characters,choose-edges-to-maximize-score-in-a-tree,1.0
design-video-sharing-platform,most-popular-video-creator,1.0
minimum-average-difference,number-of-ways-to-split-array,1.0
escape-the-spreading-fire,maximum-number-of-points-from-grid-queries,1.0
remove-digit-from-number-to-maximize-result,minimum-operations-to-make-a-special-number,1.0
k-divisible-elements-subarrays,subarray-with-elements-greater-than-varying-threshold,1.0
total-appeal-of-a-string,find-the-median-of-the-uniqueness-array,1.0
closest-node-to-path-in-tree,count-number-of-possible-root-nodes,1.0
closest-node-to-path-in-tree,design-graph-with-shortest-path-calculator,1.0
booking-concert-tickets-in-groups,longest-increasing-subsequence-ii,1.0
partition-array-such-that-maximum-difference-is-k,maximum-beauty-of-an-array-after-applying-operation,1.0
replace-elements-in-an-array,maximum-number-of-integers-to-choose-from-a-range-i,1.0
replace-elements-in-an-array,maximum-number-of-integers-to-choose-from-a-range-ii,1.0
jump-game-viii,jump-game-viii,1.0
successful-pairs-of-spells-and-potions,longest-subsequence-with-limited-sum,1.0
successful-pairs-of-spells-and-potions,maximum-matching-of-players-with-trainers,1.0
match-substring-after-replacement,number-of-subarrays-that-match-a-pattern-ii,1.0
fair-distribution-of-cookies,maximum-rows-covered-by-columns,1.0
fair-distribution-of-cookies,distribute-money-to-maximum-children,1.0
greatest-english-letter-in-upper-and-lower-case,count-the-number-of-special-characters-ii,1.0
greatest-english-letter-in-upper-and-lower-case,count-the-number-of-special-characters-i,1.0
sum-of-numbers-with-units-digit-k,sum-of-number-and-its-reverse,1.0
minimum-flips-in-binary-tree-to-get-result,evaluate-boolean-binary-tree,1.0
maximum-xor-after-operations,maximum-xor-product,1.0
maximum-xor-after-operations,minimize-or-of-remaining-elements-using-operations,1.0
number-of-increasing-paths-in-a-grid,maximum-strictly-increasing-cells-in-a-matrix,1.0
the-latest-time-to-catch-a-bus,maximum-matching-of-players-with-trainers,1.0
the-latest-time-to-catch-a-bus,time-taken-to-cross-the-door,1.0
the-latest-time-to-catch-a-bus,time-to-cross-a-bridge,1.0
the-latest-time-to-catch-a-bus,rearranging-fruits,1.0
minimum-amount-of-time-to-fill-cups,minimum-cost-to-make-array-equal,1.0
count-the-number-of-ideal-arrays,count-the-number-of-beautiful-subarrays,1.0
best-poker-hand,categorize-box-according-to-criteria,1.0
number-of-zero-filled-subarrays,length-of-the-longest-alphabetical-continuous-substring,1.0
number-of-zero-filled-subarrays,find-consecutive-integers-from-a-data-stream,1.0
design-a-number-container-system,design-a-food-rating-system,1.0
equal-row-and-column-pairs,delete-greatest-value-in-each-row,1.0
design-a-food-rating-system,most-popular-video-creator,1.0
maximum-number-of-books-you-can-take,beautiful-towers-ii,1.0
maximum-number-of-books-you-can-take,beautiful-towers-i,1.0
longest-cycle-in-a-graph,minimum-number-of-operations-to-sort-a-binary-tree-by-level,1.0
longest-cycle-in-a-graph,shortest-cycle-in-a-graph,1.0
merge-similar-items,merge-two-2d-arrays-by-summing-values,1.0
count-number-of-bad-pairs,number-of-pairs-satisfying-inequality,1.0
number-of-arithmetic-triplets,number-of-unequal-triplets-in-array,1.0
number-of-arithmetic-triplets,maximum-value-of-an-ordered-triplet-i,1.0
number-of-arithmetic-triplets,minimum-sum-of-mountain-triplets-i,1.0
check-if-there-is-a-valid-partition-for-the-array,count-the-number-of-good-partitions,1.0
shifting-letters-ii,shift-distance-between-two-strings,1.0
amount-of-time-for-binary-tree-to-be-infected,count-the-number-of-infection-sequences,1.0
longest-nice-subarray,maximum-sum-of-distinct-subarrays-with-length-k,1.0
optimal-partition-of-string,maximum-sum-of-distinct-subarrays-with-length-k,1.0
longest-increasing-subsequence-ii,longest-subsequence-with-decreasing-adjacent-difference,1.0
maximum-matching-of-players-with-trainers,maximize-greatness-of-an-array,1.0
smallest-subarrays-with-maximum-bitwise-or,longest-subarray-with-maximum-bitwise-and,1.0
smallest-even-multiple,convert-the-temperature,1.0
smallest-even-multiple,minimum-cuts-to-divide-a-circle,1.0
sort-the-people,sort-the-students-by-their-kth-score,1.0
find-all-good-indices,count-the-number-of-k-big-indices,1.0
number-of-good-paths,count-pairs-of-similar-strings,1.0
longest-uploaded-prefix,find-x-value-of-array-ii,1.0
number-of-pairs-satisfying-inequality,maximum-balanced-subsequence-sum,1.0
paths-in-matrix-whose-sum-is-divisible-by-k,check-if-there-is-a-path-with-equal-number-of-0s-and-1s,1.0
minimum-split-into-subarrays-with-gcd-greater-than-one,minimum-subarrays-in-a-valid-split,1.0
create-components-with-same-value,maximum-number-of-k-divisible-components,1.0
count-subarrays-with-fixed-bounds,find-the-number-of-subarrays-where-boundary-elements-are-maximum,1.0
number-of-subarrays-with-gcd-equal-to-k,number-of-subarrays-with-lcm-equal-to-k,1.0
minimum-cost-to-make-array-equal,minimum-operations-to-make-all-array-elements-equal,1.0
minimum-cost-to-make-array-equal,minimum-cost-to-make-array-equalindromic,1.0
minimum-number-of-operations-to-make-arrays-similar,minimum-operations-to-make-array-equal-ii,1.0
minimum-number-of-operations-to-make-arrays-similar,rearranging-fruits,1.0
next-greater-element-iv,apply-operations-to-maximize-score,1.0
maximum-sum-of-distinct-subarrays-with-length-k,count-the-number-of-good-subarrays,1.0
maximum-sum-of-distinct-subarrays-with-length-k,maximum-good-subarray-sum,1.0
maximum-sum-of-distinct-subarrays-with-length-k,find-the-power-of-k-size-subarrays-i,1.0
maximum-sum-of-distinct-subarrays-with-length-k,find-the-power-of-k-size-subarrays-ii,1.0
total-cost-to-hire-k-workers,time-to-cross-a-bridge,1.0
minimum-total-distance-traveled,number-of-ways-to-earn-points,1.0
number-of-distinct-averages,minimum-average-of-smallest-and-largest-elements,1.0
most-profitable-path-in-a-tree,time-taken-to-mark-all-nodes,1.0
minimum-cuts-to-divide-a-circle,count-total-number-of-colored-cells,1.0
difference-between-ones-and-zeros-in-row-and-column,first-completely-painted-row-or-column,1.0
minimum-penalty-for-a-shop,minimum-amount-of-damage-dealt-to-bob,1.0
remove-nodes-from-linked-list,delete-nodes-from-linked-list-present-in-array,1.0
count-subarrays-with-median-k,sum-of-imbalance-numbers-of-all-subarrays,1.0
divide-nodes-into-the-maximum-number-of-groups,shortest-cycle-in-a-graph,1.0
smallest-value-after-replacing-with-sum-of-prime-factors,distinct-prime-factors-of-product-of-array,1.0
smallest-value-after-replacing-with-sum-of-prime-factors,minimum-division-operations-to-make-array-non-decreasing,1.0
number-of-great-partitions,find-the-punishment-number-of-an-integer,1.0
number-of-great-partitions,count-partitions-with-max-min-difference-at-most-k,1.0
distinct-prime-factors-of-product-of-array,count-the-number-of-square-free-subsets,1.0
check-if-point-is-reachable,check-if-the-rectangle-corner-is-reachable,1.0
alternating-digit-sum,separate-the-digits-in-an-array,1.0
sort-the-students-by-their-kth-score,sort-threats-by-severity-and-exploitability,1.0
minimum-cost-to-split-an-array,divide-an-array-into-subarrays-with-minimum-cost-ii,1.0
minimum-cost-to-split-an-array,minimum-sum-of-values-by-dividing-array,1.0
minimum-cost-to-split-an-array,minimum-cost-to-divide-array-into-subarrays,1.0
maximum-number-of-integers-to-choose-from-a-range-i,maximum-number-of-integers-to-choose-from-a-range-ii,1.0
maximum-number-of-integers-to-choose-from-a-range-ii,maximize-the-distance-between-points-on-a-square,1.0
count-the-number-of-fair-pairs,count-pairs-whose-sum-is-less-than-target,1.0
left-and-right-sum-differences,find-the-distinct-difference-array,1.0
left-and-right-sum-differences,find-the-n-th-value-after-k-seconds,1.0
find-the-maximum-number-of-marked-indices,minimum-array-length-after-pair-removals,1.0
minimum-time-to-visit-a-cell-in-a-grid,find-minimum-time-to-reach-last-room-i,1.0
minimum-time-to-visit-a-cell-in-a-grid,find-minimum-time-to-reach-last-room-ii,1.0
split-with-minimum-sum,minimum-sum-of-values-by-dividing-array,1.0
kth-largest-sum-in-a-binary-tree,find-the-level-of-tree-with-minimum-sum,1.0
check-knight-tour-configuration,maximum-number-of-moves-to-kill-all-pawns,1.0
minimum-operations-to-make-all-array-elements-equal,sum-of-distances,1.0
collect-coins-in-a-tree,maximum-score-after-applying-operations-on-a-tree,1.0
collect-coins-in-a-tree,find-number-of-coins-to-place-in-tree-nodes,1.0
array-prototype-last,snail-traversal,1.0
array-prototype-last,array-upper-bound,1.0
counter,memoize,1.0
counter,function-composition,1.0
counter,counter-ii,1.0
sleep,promise-time-limit,1.0
sleep,promise-pool,1.0
cache-with-time-limit,debounce,1.0
cache-with-time-limit,promise-time-limit,1.0
cache-with-time-limit,promise-pool,1.0
memoize,curry,1.0
memoize,function-composition,1.0
memoize,memoize-ii,1.0
snail-traversal,group-by,1.0
snail-traversal,array-upper-bound,1.0
flatten-deeply-nested-array,json-deep-equal,1.0
flatten-deeply-nested-array,convert-object-to-json-string,1.0
flatten-deeply-nested-array,nested-array-generator,1.0
array-reduce-transformation,group-by,1.0
array-reduce-transformation,filter-elements-from-array,1.0
array-reduce-transformation,apply-transform-over-each-element-in-array,1.0
debounce,promise-time-limit,1.0
debounce,throttle,1.0
json-deep-equal,convert-object-to-json-string,1.0
json-deep-equal,array-of-objects-to-matrix,1.0
json-deep-equal,differences-between-two-objects,1.0
memoize-ii,curry,1.0
group-by,filter-elements-from-array,1.0
group-by,apply-transform-over-each-element-in-array,1.0
group-by,array-upper-bound,1.0
convert-object-to-json-string,array-of-objects-to-matrix,1.0
convert-object-to-json-string,differences-between-two-objects,1.0
filter-elements-from-array,apply-transform-over-each-element-in-array,1.0
promise-pool,promise-time-limit,1.0
promise-pool,throttle,1.0
promise-time-limit,throttle,1.0
generate-fibonacci-sequence,nested-array-generator,1.0
generate-fibonacci-sequence,design-cancellable-function,1.0
nested-array-generator,design-cancellable-function,1.0
find-the-losers-of-the-circular-game,find-the-child-who-has-the-ball-after-k-seconds,1.0
neighboring-bitwise-xor,bitwise-or-of-adjacent-elements,1.0
infinite-method-object,immutability-helper,1.0
infinite-method-object,make-object-immutable,1.0
immutability-helper,make-object-immutable,1.0
maximum-strength-of-a-group,maximum-strength-of-k-disjoint-subarrays,1.0
remove-trailing-zeros-from-a-string,check-if-bitwise-or-has-trailing-zeros,1.0
count-of-integers,count-numbers-with-non-decreasing-digits,1.0
lexicographically-smallest-string-after-substring-operation,lexicographically-smallest-string-after-operations-with-constraint,1.0
lexicographically-smallest-string-after-substring-operation,replace-question-marks-in-string-to-minimize-its-value,1.0
count-substrings-without-repeating-character,count-complete-substrings,1.0
partition-string-into-minimum-beautiful-substrings,minimum-substring-partition-of-equal-character-frequency,1.0
count-paths-that-can-form-a-palindrome-in-a-tree,count-valid-paths-in-a-tree,1.0
number-of-employees-who-met-the-target,minimum-operations-to-exceed-threshold-value-i,1.0
faulty-keyboard,find-the-original-typed-string-i,1.0
faulty-keyboard,find-the-original-typed-string-ii,1.0
minimum-absolute-difference-between-elements-with-constraint,find-indices-with-index-and-value-difference-i,1.0
minimum-absolute-difference-between-elements-with-constraint,find-indices-with-index-and-value-difference-ii,1.0
number-of-beautiful-integers-in-the-range,count-numbers-with-non-decreasing-digits,1.0
minimum-edge-weight-equilibrium-queries-in-a-tree,minimum-runes-to-add-to-cast-spell,1.0
smallest-number-with-given-digit-product,smallest-divisible-digit-product-i,1.0
smallest-number-with-given-digit-product,smallest-divisible-digit-product-ii,1.0
minimum-moves-to-spread-stones-over-grid,minimum-number-of-operations-to-make-x-and-y-equal,1.0
sum-of-values-at-indices-with-k-set-bits,find-the-k-or-of-an-array,1.0
maximum-value-of-an-ordered-triplet-i,minimum-sum-of-mountain-triplets-i,1.0
maximum-value-of-an-ordered-triplet-ii,minimum-sum-of-mountain-triplets-ii,1.0
apply-operations-on-array-to-maximize-sum-of-squares,minimize-or-of-remaining-elements-using-operations,1.0
find-indices-with-index-and-value-difference-i,find-indices-with-index-and-value-difference-ii,1.0
length-of-the-longest-subsequence-that-sums-to-target,find-the-maximum-length-of-valid-subsequence-i,1.0
length-of-the-longest-subsequence-that-sums-to-target,find-the-maximum-length-of-valid-subsequence-ii,1.0
maximum-score-after-applying-operations-on-a-tree,find-the-maximum-sum-of-node-values,1.0
maximize-area-of-square-hole-in-grid,maximum-square-area-by-removing-fences-from-a-field,1.0
number-of-divisible-substrings,count-substrings-divisible-by-last-digit,1.0
minimum-number-of-coins-to-be-added,most-expensive-item-that-can-not-be-bought,1.0
count-subarrays-where-max-element-appears-at-least-k-times,find-the-number-of-subarrays-where-boundary-elements-are-maximum,1.0
count-the-number-of-incremovable-subarrays-i,number-of-subarrays-that-match-a-pattern-i,1.0
find-number-of-coins-to-place-in-tree-nodes,find-the-maximum-sum-of-node-values,1.0
minimum-cost-to-convert-string-ii,minimum-number-of-valid-strings-to-form-target-ii,1.0
minimum-cost-to-convert-string-ii,minimum-number-of-valid-strings-to-form-target-i,1.0
count-elements-with-maximum-frequency,maximum-frequency-of-an-element-after-performing-operations-i,1.0
count-elements-with-maximum-frequency,maximum-frequency-of-an-element-after-performing-operations-ii,1.0
count-elements-with-maximum-frequency,maximum-difference-between-even-and-odd-frequency-ii,1.0
find-pattern-in-infinite-stream-ii,number-of-integers-with-popcount-depth-equal-to-k-i,1.0
find-the-length-of-the-longest-common-prefix,longest-common-suffix-queries,1.0
find-longest-self-contained-substring,select-k-disjoint-special-substrings,1.0
minimum-time-to-visit-disappearing-nodes,find-the-last-marked-nodes-in-tree,1.0
kth-smallest-amount-with-single-denomination-combination,find-the-number-of-possible-ways-for-an-event,1.0
minimum-sum-of-values-by-dividing-array,find-subarray-with-bitwise-or-closest-to-k,1.0
minimum-sum-of-values-by-dividing-array,find-x-value-of-array-ii,1.0
count-the-number-of-special-characters-i,count-the-number-of-special-characters-ii,1.0
maximum-points-inside-the-square,maximize-the-distance-between-points-on-a-square,1.0
maximum-difference-score-in-a-grid,maximum-score-from-grid-operations,1.0
block-placement-queries,fruits-into-baskets-iii,1.0
find-minimum-diameter-after-merging-two-trees,maximize-the-number-of-target-nodes-after-connecting-trees-i,1.0
find-minimum-diameter-after-merging-two-trees,maximize-the-number-of-target-nodes-after-connecting-trees-ii,1.0
find-minimum-diameter-after-merging-two-trees,maximize-sum-of-weights-after-edge-removals,1.0
construct-string-with-minimum-cost,minimum-number-of-valid-strings-to-form-target-ii,1.0
construct-string-with-minimum-cost,minimum-number-of-valid-strings-to-form-target-i,1.0
minimum-cost-for-cutting-cake-i,minimum-cost-for-cutting-cake-ii,1.0
time-taken-to-mark-all-nodes,find-the-last-marked-nodes-in-tree,1.0
count-almost-equal-pairs-ii,find-the-occurrence-of-first-almost-equal-substring,1.0
zero-array-transformation-i,zero-array-transformation-iv,1.0
zero-array-transformation-ii,zero-array-transformation-iv,1.0
minimize-the-maximum-adjacent-element-difference,minimize-the-maximum-adjacent-element-difference,1.0
zero-array-transformation-iii,zero-array-transformation-iv,1.0
smallest-number-with-all-set-bits,find-sum-of-array-product-of-magical-sequences,1.0
subsequences-with-a-unique-middle-mode-i,subsequences-with-a-unique-middle-mode-ii,1.0
longest-special-path,longest-special-path-ii,1.0
permutations-iii,permutations-iv,1.0
design-excel-sum-formula,minimum-changes-to-make-alternating-binary-string,0.0
maximize-grid-happiness,largest-time-for-given-digits,0.0
find-the-maximum-divisibility-score,concatenated-words,0.0
range-addition,count-nodes-equal-to-average-of-subtree,0.0
pacific-atlantic-water-flow,find-xor-beauty-of-array,0.0
sort-array-by-moving-items-to-empty-space,projection-area-of-3d-shapes,0.0
number-of-strings-which-can-be-rearranged-to-contain-substring,find-the-k-sum-of-an-array,0.0
count-number-of-rectangles-containing-each-point,find-palindrome-with-fixed-length,0.0
sort-the-students-by-their-kth-score,number-of-corner-rectangles,0.0
queries-on-a-permutation-with-key,find-the-longest-balanced-substring-of-a-binary-string,0.0
find-the-index-of-the-large-integer,meeting-scheduler,0.0
count-collisions-on-a-road,24-game,0.0
distribute-candies-among-children-i,open-the-lock,0.0
delete-tree-nodes,sender-with-largest-word-count,0.0
count-of-interesting-subarrays,encode-number,0.0
search-suggestions-system,largest-multiple-of-three,0.0
find-the-town-judge,minimum-swaps-to-make-sequences-increasing,0.0
split-array-into-fibonacci-sequence,count-nice-pairs-in-an-array,0.0
print-zero-even-odd,4-keys-keyboard,0.0
kth-smallest-element-in-a-sorted-matrix,reverse-integer,0.0
closest-binary-search-tree-value,number-of-ways-to-form-a-target-string-given-a-dictionary,0.0
number-of-islands,collect-coins-in-a-tree,0.0
minimum-distance-to-type-a-word-using-two-fingers,snapshot-array,0.0
sum-of-root-to-leaf-binary-numbers,longest-well-performing-interval,0.0
longest-unequal-adjacent-groups-subsequence-ii,mini-parser,0.0
sum-of-squares-of-special-elements,valid-number,0.0
minimum-remove-to-make-valid-parentheses,escape-the-ghosts,0.0
parallel-courses-ii,zuma-game,0.0
prime-palindrome,widest-pair-of-indices-with-equal-range-sum,0.0
linked-list-cycle-ii,range-sum-of-sorted-subarray-sums,0.0
depth-of-bst-given-insertion-order,number-of-distinct-islands,0.0
redundant-connection-ii,maximum-number-of-coins-you-can-get,0.0
number-of-people-that-can-be-seen-in-a-grid,occurrences-after-bigram,0.0
divisible-and-non-divisible-sums-difference,the-number-of-weak-characters-in-the-game,0.0
add-two-polynomials-represented-as-linked-lists,truncate-sentence,0.0
student-attendance-record-i,two-sum-bsts,0.0
count-the-number-of-good-partitions,design-tic-tac-toe,0.0
minimum-operations-to-make-all-array-elements-equal,faulty-sensor,0.0
random-pick-index,escape-the-ghosts,0.0
shortest-bridge,kth-largest-element-in-a-stream,0.0
check-if-strings-can-be-made-equal-with-operations-i,intersection-of-two-arrays-ii,0.0
merge-strings-alternately,univalued-binary-tree,0.0
kth-largest-sum-in-a-binary-tree,single-threaded-cpu,0.0
find-products-of-elements-of-big-array,max-increase-to-keep-city-skyline,0.0
count-fertile-pyramids-in-a-land,evaluate-boolean-binary-tree,0.0
find-triangular-sum-of-an-array,find-the-closest-palindrome,0.0
construct-smallest-number-from-di-string,count-the-number-of-beautiful-subarrays,0.0
maximum-average-pass-ratio,minimum-time-to-collect-all-apples-in-a-tree,0.0
escape-the-spreading-fire,roman-to-integer,0.0
node-with-highest-edge-score,recover-a-tree-from-preorder-traversal,0.0
building-boxes,regions-cut-by-slashes,0.0
delete-and-earn,reverse-bits,0.0
maximum-coins-heroes-can-collect,serialize-and-deserialize-n-ary-tree,0.0
binary-tree-preorder-traversal,shortest-word-distance,0.0
similar-string-groups,binary-tree-level-order-traversal,0.0
merge-k-sorted-lists,rectangle-overlap,0.0
minimum-number-of-operations-to-sort-a-binary-tree-by-level,check-if-one-string-swap-can-make-strings-equal,0.0
escape-the-spreading-fire,maximum-length-of-pair-chain,0.0
minimum-operations-to-remove-adjacent-ones-in-matrix,design-a-food-rating-system,0.0
01-matrix,lowest-common-ancestor-of-a-binary-tree-ii,0.0
design-a-text-editor,merge-k-sorted-lists,0.0
take-k-of-each-character-from-left-and-right,count-servers-that-communicate,0.0
rings-and-rods,find-in-mountain-array,0.0
count-the-number-of-powerful-integers,adding-two-negabinary-numbers,0.0
block-placement-queries,form-smallest-number-from-two-digit-arrays,0.0
flip-string-to-monotone-increasing,divisor-game,0.0
my-calendar-i,reformat-phone-number,0.0
maximum-number-of-jumps-to-reach-the-last-index,design-an-expression-tree-with-evaluate-function,0.0
find-the-number-of-distinct-colors-among-the-balls,check-if-binary-string-has-at-most-one-segment-of-ones,0.0
add-edges-to-make-degrees-of-all-nodes-even,diagonal-traverse,0.0
check-if-word-can-be-placed-in-crossword,split-array-with-equal-sum,0.0
license-key-formatting,k-divisible-elements-subarrays,0.0
duplicate-zeros,minimum-cost-homecoming-of-a-robot-in-a-grid,0.0
construct-binary-tree-from-string,design-search-autocomplete-system,0.0
maximum-difference-by-remapping-a-digit,find-kth-bit-in-nth-binary-string,0.0
number-of-equal-count-substrings,closest-nodes-queries-in-a-binary-search-tree,0.0
replace-all-digits-with-characters,brightest-position-on-street,0.0
minimum-moves-to-make-array-complementary,print-immutable-linked-list-in-reverse,0.0
clumsy-factorial,minimum-increment-to-make-array-unique,0.0
check-if-string-is-a-prefix-of-array,walking-robot-simulation,0.0
maximum-frequency-score-of-a-subarray,check-if-a-string-can-break-another-string,0.0
water-bottles,vowels-of-all-substrings,0.0
remove-nth-node-from-end-of-list,check-if-an-original-string-exists-given-two-encoded-strings,0.0
construct-binary-tree-from-preorder-and-postorder-traversal,find-original-array-from-doubled-array,0.0
nim-game,check-if-a-string-can-break-another-string,0.0
convert-integer-to-the-sum-of-two-no-zero-integers,as-far-from-land-as-possible,0.0
maximum-number-of-fish-in-a-grid,continuous-subarrays,0.0
convex-polygon,number-of-ways-to-rearrange-sticks-with-k-sticks-visible,0.0
check-if-strings-can-be-made-equal-with-operations-i,best-time-to-buy-and-sell-stock-with-cooldown,0.0
falling-squares,find-latest-group-of-size-m,0.0
find-the-peaks,delete-characters-to-make-fancy-string,0.0
divide-a-string-into-groups-of-size-k,consecutive-numbers-sum,0.0
number-of-music-playlists,maximum-product-of-two-elements-in-an-array,0.0
sort-linked-list-already-sorted-using-absolute-values,couples-holding-hands,0.0
smallest-number-in-infinite-set,rectangle-area,0.0
remove-invalid-parentheses,first-unique-number,0.0
number-of-orders-in-the-backlog,number-of-unique-good-subsequences,0.0
create-sorted-array-through-instructions,letter-case-permutation,0.0
add-two-numbers,utf-8-validation,0.0
sum-of-digits-in-base-k,minimum-number-of-days-to-disconnect-island,0.0
minimum-cost-to-separate-sentence-into-rows,fruit-into-baskets,0.0
the-k-weakest-rows-in-a-matrix,longest-substring-of-all-vowels-in-order,0.0
design-front-middle-back-queue,valid-boomerang,0.0
closest-binary-search-tree-value,maximum-beauty-of-an-array-after-applying-operation,0.0
find-the-safest-path-in-a-grid,divide-array-into-equal-pairs,0.0
building-boxes,parallel-courses-ii,0.0
grumpy-bookstore-owner,tiling-a-rectangle-with-the-fewest-squares,0.0
uncommon-words-from-two-sentences,minimum-relative-loss-after-buying-chocolates,0.0
unique-number-of-occurrences,smallest-missing-genetic-value-in-each-subtree,0.0
check-if-a-string-contains-all-binary-codes-of-size-k,sender-with-largest-word-count,0.0
lexicographically-smallest-palindrome,construct-product-matrix,0.0
optimal-partition-of-string,non-decreasing-array,0.0
sort-array-by-parity-ii,print-immutable-linked-list-in-reverse,0.0
lowest-common-ancestor-of-a-binary-tree-ii,partition-list,0.0
best-sightseeing-pair,reshape-the-matrix,0.0
determine-color-of-a-chessboard-square,kth-smallest-subarray-sum,0.0
integer-break,maximum-number-of-consecutive-values-you-can-make,0.0
find-nearest-point-that-has-the-same-x-or-y-coordinate,super-palindromes,0.0
binary-search-tree-to-greater-sum-tree,kth-smallest-number-in-multiplication-table,0.0
dice-roll-simulation,data-stream-as-disjoint-intervals,0.0
occurrences-after-bigram,maximum-xor-of-two-non-overlapping-subtrees,0.0
sentence-screen-fitting,construct-target-array-with-multiple-sums,0.0
keys-and-rooms,smallest-value-of-the-rearranged-number,0.0
exam-room,next-greater-element-ii,0.0
minimum-swaps-to-make-sequences-increasing,perfect-number,0.0
merge-sorted-array,powx-n,0.0
number-of-orders-in-the-backlog,minimum-swaps-to-make-sequences-increasing,0.0
time-needed-to-rearrange-a-binary-string,restore-the-array-from-adjacent-pairs,0.0
calculate-amount-paid-in-taxes,longest-duplicate-substring,0.0
minimize-the-maximum-difference-of-pairs,serialize-and-deserialize-n-ary-tree,0.0
time-based-key-value-store,distance-to-a-cycle-in-undirected-graph,0.0
find-the-number-of-ways-to-place-people-ii,number-of-distinct-islands,0.0
jump-game-iii,count-pairs-with-xor-in-a-range,0.0
minimum-number-of-operations-to-make-array-continuous,expression-add-operators,0.0
sorting-the-sentence,form-array-by-concatenating-subarrays-of-another-array,0.0
water-and-jug-problem,throne-inheritance,0.0
escape-a-large-maze,water-bottles,0.0
pyramid-transition-matrix,three-consecutive-odds,0.0
kth-smallest-number-in-multiplication-table,path-crossing,0.0
design-a-number-container-system,special-array-with-x-elements-greater-than-or-equal-x,0.0
web-crawler,smallest-greater-multiple-made-of-two-digits,0.0
divisible-and-non-divisible-sums-difference,maximum-population-year,0.0
minimum-moves-to-move-a-box-to-their-target-location,2-keys-keyboard,0.0
sequence-reconstruction,count-all-possible-routes,0.0
maximum-count-of-positive-integer-and-negative-integer,online-stock-span,0.0
next-greater-element-iii,escape-the-ghosts,0.0
build-array-where-you-can-find-the-maximum-exactly-k-comparisons,slowest-key,0.0
make-array-empty,find-the-index-of-the-large-integer,0.0
check-if-matrix-is-x-matrix,range-sum-query-mutable,0.0
task-scheduler,plates-between-candles,0.0
count-all-possible-routes,check-if-number-is-a-sum-of-powers-of-three,0.0
maximum-profit-in-job-scheduling,count-largest-group,0.0
palindromic-substrings,sort-linked-list-already-sorted-using-absolute-values,0.0
design-an-expression-tree-with-evaluate-function,water-and-jug-problem,0.0
grid-illumination,maximize-greatness-of-an-array,0.0
serialize-and-deserialize-n-ary-tree,maximum-matching-of-players-with-trainers,0.0
graph-valid-tree,web-crawler,0.0
reaching-points,two-sum-ii-input-array-is-sorted,0.0
find-the-number-of-ways-to-place-people-ii,sum-multiples,0.0
count-hills-and-valleys-in-an-array,delete-duplicate-folders-in-system,0.0
verify-preorder-sequence-in-binary-search-tree,subarray-sum-equals-k,0.0
iterator-for-combination,remove-duplicates-from-sorted-list,0.0
super-egg-drop,number-of-changing-keys,0.0
longest-zigzag-path-in-a-binary-tree,bold-words-in-string,0.0
even-odd-tree,brightest-position-on-street,0.0
maximum-subarray,verbal-arithmetic-puzzle,0.0
score-of-parentheses,number-of-distinct-roll-sequences,0.0
closest-dessert-cost,number-of-black-blocks,0.0
count-houses-in-a-circular-street-ii,minimum-incompatibility,0.0
rotate-list,search-suggestions-system,0.0
divide-two-integers,equal-tree-partition,0.0
redundant-connection,all-divisions-with-the-highest-score-of-a-binary-array,0.0
maximum-sum-of-distinct-subarrays-with-length-k,strong-password-checker,0.0
reward-top-k-students,color-the-triangle-red,0.0
find-number-of-ways-to-reach-the-k-th-stair,minimum-path-cost-in-a-hidden-grid,0.0
remove-all-adjacent-duplicates-in-string-ii,n-ary-tree-preorder-traversal,0.0
maximum-points-you-can-obtain-from-cards,first-unique-number,0.0
make-array-strictly-increasing,design-file-system,0.0
take-gifts-from-the-richest-pile,find-longest-special-substring-that-occurs-thrice-i,0.0
check-array-formation-through-concatenation,minimum-changes-to-make-alternating-binary-string,0.0
maximum-number-of-integers-to-choose-from-a-range-i,shortest-string-that-contains-three-strings,0.0
number-of-beautiful-integers-in-the-range,minimize-maximum-pair-sum-in-array,0.0
count-zero-request-servers,concatenation-of-consecutive-binary-numbers,0.0
minimum-number-of-operations-to-make-array-empty,design-linked-list,0.0
incremental-memory-leak,maximum-value-of-a-string-in-an-array,0.0
verify-preorder-serialization-of-a-binary-tree,number-of-ways-to-build-sturdy-brick-wall,0.0
rearrange-string-k-distance-apart,card-flipping-game,0.0
find-the-longest-equal-subarray,sum-game,0.0
moving-stones-until-consecutive,trapping-rain-water-ii,0.0
find-target-indices-after-sorting-array,shopping-offers,0.0
linked-list-random-node,the-k-weakest-rows-in-a-matrix,0.0
count-primes,max-chunks-to-make-sorted-ii,0.0
paint-house,logger-rate-limiter,0.0
partition-array-for-maximum-sum,the-earliest-and-latest-rounds-where-players-compete,0.0
minimum-lines-to-represent-a-line-chart,maximum-depth-of-n-ary-tree,0.0
best-team-with-no-conflicts,sequential-digits,0.0
number-of-students-doing-homework-at-a-given-time,check-if-all-characters-have-equal-number-of-occurrences,0.0
maximum-students-taking-exam,number-of-distinct-averages,0.0
find-longest-awesome-substring,transform-to-chessboard,0.0
merge-strings-alternately,maximum-strength-of-a-group,0.0
can-make-arithmetic-progression-from-sequence,count-substrings-without-repeating-character,0.0
verify-preorder-sequence-in-binary-search-tree,subsets-ii,0.0
convex-polygon,evaluate-the-bracket-pairs-of-a-string,0.0
palindrome-permutation-ii,step-by-step-directions-from-a-binary-tree-node-to-another,0.0
maximum-elegance-of-a-k-length-subsequence,lowest-common-ancestor-of-deepest-leaves,0.0
implement-queue-using-stacks,remove-k-digits,0.0
count-sub-islands,clumsy-factorial,0.0
convert-1d-array-into-2d-array,substring-with-largest-variance,0.0
strobogrammatic-number-iii,construct-the-rectangle,0.0
diameter-of-binary-tree,sum-multiples,0.0
lowest-common-ancestor-of-a-binary-tree,greatest-sum-divisible-by-three,0.0
first-missing-positive,count-palindromic-subsequences,0.0
depth-of-bst-given-insertion-order,delete-columns-to-make-sorted-ii,0.0
super-egg-drop,implement-magic-dictionary,0.0
maximum-length-of-semi-decreasing-subarrays,time-based-key-value-store,0.0
rank-transform-of-an-array,pass-the-pillow,0.0
prime-palindrome,check-if-an-array-is-consecutive,0.0
sum-of-left-leaves,max-consecutive-ones-iii,0.0
count-number-of-bad-pairs,the-latest-time-to-catch-a-bus,0.0
longest-substring-with-at-most-two-distinct-characters,closest-leaf-in-a-binary-tree,0.0
find-consecutive-integers-from-a-data-stream,last-moment-before-all-ants-fall-out-of-a-plank,0.0
sell-diminishing-valued-colored-balls,double-a-number-represented-as-a-linked-list,0.0
count-the-number-of-infection-sequences,strobogrammatic-number,0.0
maximize-number-of-subsequences-in-a-string,minimum-total-space-wasted-with-k-resizing-operations,0.0
count-subtrees-with-max-distance-between-cities,minimum-window-subsequence,0.0
incremental-memory-leak,find-champion-ii,0.0
maximize-value-of-function-in-a-ball-passing-game,reformat-phone-number,0.0
all-paths-from-source-lead-to-destination,find-three-consecutive-integers-that-sum-to-a-given-number,0.0
check-if-word-can-be-placed-in-crossword,percentage-of-letter-in-string,0.0
find-all-possible-stable-binary-arrays-i,power-of-two,0.0
complex-number-multiplication,smallest-subtree-with-all-the-deepest-nodes,0.0
diagonal-traverse-ii,divide-chocolate,0.0
zigzag-iterator,course-schedule,0.0
minimum-subarrays-in-a-valid-split,categorize-box-according-to-criteria,0.0
complete-binary-tree-inserter,maximum-number-of-upgradable-servers,0.0
shortest-unsorted-continuous-subarray,max-stack,0.0
gcd-sort-of-an-array,count-ways-to-build-rooms-in-an-ant-colony,0.0
largest-triangle-area,count-the-number-of-houses-at-a-certain-distance-ii,0.0
sort-colors,binary-gap,0.0
3sum,account-balance-after-rounded-purchase,0.0
find-the-derangement-of-an-array,repeated-string-match,0.0
camelcase-matching,remove-nodes-from-linked-list,0.0
shortest-string-that-contains-three-strings,find-the-winner-of-the-circular-game,0.0
range-sum-query-mutable,stepping-numbers,0.0
minimize-maximum-of-array,check-if-string-is-a-prefix-of-array,0.0
minimum-bit-flips-to-convert-number,largest-palindromic-number,0.0
flip-game-ii,missing-element-in-sorted-array,0.0
apply-operations-to-an-array,find-the-punishment-number-of-an-integer,0.0
minimize-malware-spread-ii,count-all-possible-routes,0.0
super-palindromes,convert-bst-to-greater-tree,0.0
course-schedule-iv,longest-continuous-increasing-subsequence,0.0
minimum-time-to-revert-word-to-initial-state-i,analyze-user-website-visit-pattern,0.0
range-sum-of-bst,intersection-of-three-sorted-arrays,0.0
restore-the-array-from-adjacent-pairs,bulb-switcher-ii,0.0
count-ways-to-build-rooms-in-an-ant-colony,minimum-length-of-string-after-deleting-similar-ends,0.0
maximum-total-reward-using-operations-i,generate-random-point-in-a-circle,0.0
check-if-there-is-a-valid-path-in-a-grid,minimum-cost-to-set-cooking-time,0.0
walls-and-gates,k-empty-slots,0.0
shortest-unsorted-continuous-subarray,construct-product-matrix,0.0
sort-array-by-increasing-frequency,pizza-with-3n-slices,0.0
evaluate-the-bracket-pairs-of-a-string,remove-interval,0.0
water-bottles-ii,design-memory-allocator,0.0
minimum-unique-word-abbreviation,find-beautiful-indices-in-the-given-array-ii,0.0
count-collisions-of-monkeys-on-a-polygon,find-and-replace-in-string,0.0
first-day-where-you-have-been-in-all-the-rooms,maximize-sum-of-array-after-k-negations,0.0
find-the-grid-of-region-average,minimum-split-into-subarrays-with-gcd-greater-than-one,0.0
finding-mk-average,house-robber,0.0
search-a-2d-matrix,sum-of-even-numbers-after-queries,0.0
swap-for-longest-repeated-character-substring,search-a-2d-matrix-ii,0.0
fraction-to-recurring-decimal,find-words-that-can-be-formed-by-characters,0.0
count-paths-that-can-form-a-palindrome-in-a-tree,separate-the-digits-in-an-array,0.0
sliding-window-maximum,find-median-from-data-stream,0.0
rabbits-in-forest,count-valid-paths-in-a-tree,0.0
find-distance-in-a-binary-tree,count-number-of-ways-to-place-houses,0.0
distribute-elements-into-two-arrays-i,binary-tree-vertical-order-traversal,0.0
assign-cookies,rectangle-area,0.0
can-convert-string-in-k-moves,design-video-sharing-platform,0.0
check-if-all-characters-have-equal-number-of-occurrences,find-median-from-data-stream,0.0
number-of-excellent-pairs,design-an-ordered-stream,0.0
smallest-number-with-given-digit-product,design-movie-rental-system,0.0
largest-multiple-of-three,next-greater-node-in-linked-list,0.0
bold-words-in-string,path-in-zigzag-labelled-binary-tree,0.0
minimum-remove-to-make-valid-parentheses,insert-into-a-binary-search-tree,0.0
swap-nodes-in-pairs,sum-of-root-to-leaf-binary-numbers,0.0
remove-linked-list-elements,get-maximum-in-generated-array,0.0
find-the-longest-balanced-substring-of-a-binary-string,maximum-bags-with-full-capacity-of-rocks,0.0
word-break-ii,k-highest-ranked-items-within-a-price-range,0.0
maximal-rectangle,minimum-edge-reversals-so-every-node-is-reachable,0.0
apply-operations-to-maximize-frequency-score,difference-of-number-of-distinct-values-on-diagonals,0.0
number-of-ways-to-form-a-target-string-given-a-dictionary,maximum-product-of-splitted-binary-tree,0.0
minimum-number-of-steps-to-make-two-strings-anagram-ii,valid-arrangement-of-pairs,0.0
stream-of-characters,ugly-number-iii,0.0
iterator-for-combination,smallest-greater-multiple-made-of-two-digits,0.0
cousins-in-binary-tree-ii,escape-the-ghosts,0.0
find-median-from-data-stream,tag-validator,0.0
design-an-ordered-stream,house-robber-iii,0.0
minimum-number-of-visited-cells-in-a-grid,minimum-operations-to-make-the-array-k-increasing,0.0
minimum-number-of-keypresses,find-the-closest-marked-node,0.0
binary-gap,closest-binary-search-tree-value-ii,0.0
paint-house-iii,insert-into-a-sorted-circular-linked-list,0.0
count-special-quadruplets,sequentially-ordinal-rank-tracker,0.0
contains-duplicate-iii,remove-colored-pieces-if-both-neighbors-are-the-same-color,0.0
minimum-number-of-removals-to-make-mountain-array,the-earliest-and-latest-rounds-where-players-compete,0.0
longest-string-chain,find-the-width-of-columns-of-a-grid,0.0
longer-contiguous-segments-of-ones-than-zeros,create-sorted-array-through-instructions,0.0
make-k-subarray-sums-equal,extract-kth-character-from-the-rope-tree,0.0
xor-operation-in-an-array,minimum-number-of-moves-to-make-palindrome,0.0
number-of-equivalent-domino-pairs,closest-subsequence-sum,0.0
all-oone-data-structure,swap-adjacent-in-lr-string,0.0
prefix-and-suffix-search,remove-boxes,0.0
minimized-maximum-of-products-distributed-to-any-store,find-number-of-ways-to-reach-the-k-th-stair,0.0
exam-room,peak-index-in-a-mountain-array,0.0
water-bottles-ii,couples-holding-hands,0.0
design-a-text-editor,max-value-of-equation,0.0
find-duplicate-subtrees,minimum-amount-of-time-to-fill-cups,0.0
validate-ip-address,remove-duplicates-from-sorted-array-ii,0.0
strings-differ-by-one-character,plates-between-candles,0.0
minimum-absolute-difference-between-elements-with-constraint,count-ways-to-build-good-strings,0.0
cyclically-rotating-a-grid,letter-combinations-of-a-phone-number,0.0
second-largest-digit-in-a-string,number-of-ways-to-wear-different-hats-to-each-other,0.0
generate-a-string-with-characters-that-have-odd-counts,maximum-beauty-of-an-array-after-applying-operation,0.0
minimum-size-subarray-in-infinite-array,stamping-the-grid,0.0
peeking-iterator,find-the-longest-balanced-substring-of-a-binary-string,0.0
find-minimum-in-rotated-sorted-array-ii,build-array-where-you-can-find-the-maximum-exactly-k-comparisons,0.0
maximum-score-words-formed-by-letters,maximize-the-minimum-powered-city,0.0
maximum-odd-binary-number,design-circular-queue,0.0
minimum-number-of-removals-to-make-mountain-array,design-a-text-editor,0.0
longest-common-subsequence,encode-n-ary-tree-to-binary-tree,0.0
sum-of-remoteness-of-all-cells,toss-strange-coins,0.0
latest-time-you-can-obtain-after-replacing-characters,flatten-nested-list-iterator,0.0
next-permutation,pacific-atlantic-water-flow,0.0
palindrome-removal,k-th-smallest-in-lexicographical-order,0.0
top-k-frequent-words,subtree-of-another-tree,0.0
reformat-phone-number,check-if-the-number-is-fascinating,0.0
substrings-of-size-three-with-distinct-characters,day-of-the-year,0.0
most-common-word,minimum-score-triangulation-of-polygon,0.0
n-repeated-element-in-size-2n-array,convert-sorted-list-to-binary-search-tree,0.0
maximum-subarray-sum-after-one-operation,implement-trie-prefix-tree,0.0
count-complete-tree-nodes,count-symmetric-integers,0.0
find-the-maximum-number-of-marked-indices,implement-magic-dictionary,0.0
maximum-number-of-k-divisible-components,design-an-expression-tree-with-evaluate-function,0.0
number-of-ways-to-divide-a-long-corridor,pacific-atlantic-water-flow,0.0
minimum-lines-to-represent-a-line-chart,baseball-game,0.0
length-of-longest-subarray-with-at-most-k-frequency,nth-magical-number,0.0
detect-cycles-in-2d-grid,number-of-substrings-with-fixed-ratio,0.0
operations-on-tree,distribute-candies,0.0
find-all-the-lonely-nodes,repeated-string-match,0.0
number-of-ways-to-split-array,reformat-the-string,0.0
remove-sub-folders-from-the-filesystem,maximum-number-of-points-with-cost,0.0
maximum-size-of-a-set-after-removals,lowest-common-ancestor-of-a-binary-tree-ii,0.0
odd-even-jump,finding-pairs-with-a-certain-sum,0.0
find-the-width-of-columns-of-a-grid,guess-number-higher-or-lower,0.0
find-a-peak-element-ii,restore-the-array,0.0
check-if-all-characters-have-equal-number-of-occurrences,divide-an-array-into-subarrays-with-minimum-cost-i,0.0
count-triplets-that-can-form-two-arrays-of-equal-xor,deepest-leaves-sum,0.0
number-of-ways-to-reach-a-position-after-exactly-k-steps,widest-pair-of-indices-with-equal-range-sum,0.0
check-if-string-is-decomposable-into-value-equal-substrings,ways-to-express-an-integer-as-sum-of-powers,0.0
valid-word,distribute-elements-into-two-arrays-i,0.0
redundant-connection,change-the-root-of-a-binary-tree,0.0
find-building-where-alice-and-bob-can-meet,longest-turbulent-subarray,0.0
sum-of-values-at-indices-with-k-set-bits,number-of-lines-to-write-string,0.0
excel-sheet-column-title,maximum-number-of-groups-getting-fresh-donuts,0.0
neither-minimum-nor-maximum,delete-duplicate-folders-in-system,0.0
number-of-nodes-in-the-sub-tree-with-the-same-label,largest-magic-square,0.0
maximize-the-profit-as-the-salesman,binary-tree-tilt,0.0
online-election,minimum-increment-operations-to-make-array-beautiful,0.0
design-hit-counter,binary-tree-pruning,0.0
split-bst,design-skiplist,0.0
longest-common-prefix,maximum-number-of-fish-in-a-grid,0.0
most-expensive-item-that-can-not-be-bought,find-mode-in-binary-search-tree,0.0
can-you-eat-your-favorite-candy-on-your-favorite-day,flower-planting-with-no-adjacent,0.0
partition-string-into-substrings-with-values-at-most-k,minimum-absolute-difference-in-bst,0.0
super-egg-drop,count-prefix-and-suffix-pairs-ii,0.0
brace-expansion-ii,check-if-there-is-a-valid-partition-for-the-array,0.0
maximum-size-of-a-set-after-removals,pyramid-transition-matrix,0.0
synonymous-sentences,keep-multiplying-found-values-by-two,0.0
reverse-string-ii,minimum-number-of-coins-for-fruits,0.0
flip-game-ii,decode-xored-permutation,0.0
maximum-score-of-spliced-array,design-skiplist,0.0
construct-the-rectangle,palindromic-substrings,0.0
count-triplets-that-can-form-two-arrays-of-equal-xor,sliding-window-maximum,0.0
frequency-tracker,number-of-atoms,0.0
student-attendance-record-i,put-boxes-into-the-warehouse-i,0.0
find-the-integer-added-to-array-i,reorganize-string,0.0
longest-even-odd-subarray-with-threshold,find-the-closest-marked-node,0.0
check-if-it-is-possible-to-split-array,amount-of-time-for-binary-tree-to-be-infected,0.0
longest-uncommon-subsequence-i,count-number-of-bad-pairs,0.0
rank-transform-of-a-matrix,merge-bsts-to-create-single-bst,0.0
push-dominoes,n-repeated-element-in-size-2n-array,0.0
number-of-ways-to-paint-n-3-grid,insert-delete-getrandom-o1,0.0
count-numbers-with-unique-digits-ii,check-if-there-is-a-valid-parentheses-string-path,0.0
checking-existence-of-edge-length-limited-paths-ii,design-hit-counter,0.0
car-fleet-ii,rearrange-characters-to-make-target-string,0.0
even-odd-tree,determine-the-winner-of-a-bowling-game,0.0
minimum-incompatibility,find-the-minimum-and-maximum-number-of-nodes-between-critical-points,0.0
subarray-sum-equals-k,height-checker,0.0
sum-of-two-integers,matrix-block-sum,0.0
intersection-of-two-linked-lists,consecutive-numbers-sum,0.0
the-maze-ii,sort-integers-by-the-power-value,0.0
remove-one-element-to-make-the-array-strictly-increasing,stone-game-ii,0.0
day-of-the-year,maximize-the-topmost-element-after-k-moves,0.0
minimum-time-to-finish-the-race,flipping-an-image,0.0
maximum-sum-of-subsequence-with-non-adjacent-elements,kth-distinct-string-in-an-array,0.0
making-file-names-unique,maximum-of-absolute-value-expression,0.0
design-file-system,largest-merge-of-two-strings,0.0
house-robber-ii,intersection-of-three-sorted-arrays,0.0
minimum-cost-for-tickets,assign-cookies,0.0
palindrome-partitioning-iii,flood-fill,0.0
pyramid-transition-matrix,maximum-profitable-triplets-with-increasing-prices-i,0.0
largest-number-after-digit-swaps-by-parity,set-matrix-zeroes,0.0
minimum-swaps-to-arrange-a-binary-grid,node-with-highest-edge-score,0.0
first-letter-to-appear-twice,best-team-with-no-conflicts,0.0
replace-all-s-to-avoid-consecutive-repeating-characters,find-pattern-in-infinite-stream-ii,0.0
decrease-elements-to-make-array-zigzag,shortest-bridge,0.0
number-of-pairs-of-strings-with-concatenation-equal-to-target,lowest-common-ancestor-of-a-binary-tree-ii,0.0
maximum-depth-of-binary-tree,maximum-gcd-sum-of-a-subarray,0.0
trapping-rain-water,longest-word-in-dictionary-through-deleting,0.0
four-divisors,number-of-substrings-containing-all-three-characters,0.0
uncrossed-lines,apply-operations-to-make-string-empty,0.0
random-flip-matrix,longest-chunked-palindrome-decomposition,0.0
expression-add-operators,longest-palindromic-subsequence,0.0
complex-number-multiplication,maximum-number-of-operations-with-the-same-score-i,0.0
minimum-number-of-vertices-to-reach-all-nodes,find-the-student-that-will-replace-the-chalk,0.0
the-maze,minimum-operations-to-make-median-of-array-equal-to-k,0.0
sqrtx,maximum-twin-sum-of-a-linked-list,0.0
split-bst,k-th-smallest-prime-fraction,0.0
sum-of-subarray-ranges,decoded-string-at-index,0.0
cut-off-trees-for-golf-event,subarrays-with-k-different-integers,0.0
row-with-maximum-ones,find-root-of-n-ary-tree,0.0
sort-array-by-parity,incremental-memory-leak,0.0
count-elements-with-strictly-smaller-and-greater-elements,find-and-replace-pattern,0.0
partition-array-for-maximum-sum,closest-nodes-queries-in-a-binary-search-tree,0.0
binary-search-tree-to-greater-sum-tree,minimum-number-of-operations-to-make-x-and-y-equal,0.0
generalized-abbreviation,diagonal-traverse-ii,0.0
find-the-middle-index-in-array,magnetic-force-between-two-balls,0.0
number-of-segments-in-a-string,range-frequency-queries,0.0
stone-game-iv,minimum-number-of-swaps-to-make-the-binary-string-alternating,0.0
count-nodes-equal-to-sum-of-descendants,count-and-say,0.0
remove-invalid-parentheses,print-in-order,0.0
find-all-possible-stable-binary-arrays-ii,all-elements-in-two-binary-search-trees,0.0
rotate-string,number-of-adjacent-elements-with-the-same-color,0.0
find-mode-in-binary-search-tree,modify-the-matrix,0.0
find-beautiful-indices-in-the-given-array-i,find-duplicate-subtrees,0.0
sum-of-numbers-with-units-digit-k,minimum-number-of-operations-to-sort-a-binary-tree-by-level,0.0
find-elements-in-a-contaminated-binary-tree,diagonal-traverse,0.0
android-unlock-patterns,minimize-malware-spread-ii,0.0
complex-number-multiplication,find-distance-in-a-binary-tree,0.0
merge-k-sorted-lists,maximum-number-of-balloons,0.0
binary-tree-cameras,flip-game-ii,0.0
zuma-game,vowels-of-all-substrings,0.0
abbreviating-the-product-of-a-range,stream-of-characters,0.0
merge-bsts-to-create-single-bst,largest-number-after-digit-swaps-by-parity,0.0
maximum-number-of-non-overlapping-substrings,pascals-triangle,0.0
rank-transform-of-an-array,design-parking-system,0.0
evaluate-boolean-binary-tree,smallest-range-ii,0.0
count-strictly-increasing-subarrays,number-of-islands,0.0
number-of-ways-where-square-of-number-is-equal-to-product-of-two-numbers,find-duplicate-subtrees,0.0
maximum-number-of-pairs-in-array,unique-substrings-in-wraparound-string,0.0
three-consecutive-odds,movement-of-robots,0.0
two-sum-bsts,alice-and-bob-playing-flower-game,0.0
make-lexicographically-smallest-array-by-swapping-elements,add-bold-tag-in-string,0.0
add-strings,merge-two-binary-trees,0.0
validate-binary-search-tree,convert-1d-array-into-2d-array,0.0
longest-uploaded-prefix,xor-operation-in-an-array,0.0
maximum-total-beauty-of-the-gardens,number-of-unique-flavors-after-sharing-k-candies,0.0
linked-list-cycle-ii,intervals-between-identical-elements,0.0
largest-plus-sign,design-most-recently-used-queue,0.0
minimum-number-of-swaps-to-make-the-string-balanced,intersection-of-multiple-arrays,0.0
count-special-integers,replace-the-substring-for-balanced-string,0.0
maximum-of-minimum-values-in-all-subarrays,amount-of-time-for-binary-tree-to-be-infected,0.0
lexicographically-minimum-string-after-removing-stars,count-the-number-of-houses-at-a-certain-distance-i,0.0
count-subarrays-with-median-k,copy-list-with-random-pointer,0.0
sort-array-by-parity-ii,k-empty-slots,0.0
best-meeting-point,count-elements-with-maximum-frequency,0.0
smallest-common-region,latest-time-by-replacing-hidden-digits,0.0
longest-absolute-file-path,subrectangle-queries,0.0
minimum-initial-energy-to-finish-tasks,freedom-trail,0.0
maximum-performance-of-a-team,remove-zero-sum-consecutive-nodes-from-linked-list,0.0
take-k-of-each-character-from-left-and-right,best-time-to-buy-and-sell-stock,0.0
minimum-recolors-to-get-k-consecutive-black-blocks,beautiful-towers-ii,0.0
longest-happy-prefix,count-good-nodes-in-binary-tree,0.0
count-unreachable-pairs-of-nodes-in-an-undirected-graph,remove-invalid-parentheses,0.0
maximum-points-after-collecting-coins-from-all-nodes,find-missing-observations,0.0
minimum-xor-sum-of-two-arrays,maximum-width-of-binary-tree,0.0
strange-printer-ii,count-number-of-ways-to-place-houses,0.0
find-smallest-letter-greater-than-target,find-the-n-th-value-after-k-seconds,0.0
base-7,minimum-swaps-to-arrange-a-binary-grid,0.0
gcd-sort-of-an-array,largest-rectangle-in-histogram,0.0
count-equal-and-divisible-pairs-in-an-array,partition-labels,0.0
check-if-string-is-a-prefix-of-array,maximum-total-reward-using-operations-ii,0.0
longest-turbulent-subarray,design-twitter,0.0
k-radius-subarray-averages,numbers-at-most-n-given-digit-set,0.0
pascals-triangle-ii,minimum-window-substring,0.0
palindrome-rearrangement-queries,minimum-cost-to-separate-sentence-into-rows,0.0
apply-discount-every-n-orders,decrease-elements-to-make-array-zigzag,0.0
smallest-rectangle-enclosing-black-pixels,find-the-town-judge,0.0
number-of-closed-islands,minimum-cost-to-make-all-characters-equal,0.0
minimum-time-to-kill-all-monsters,largest-component-size-by-common-factor,0.0
maximum-number-of-integers-to-choose-from-a-range-i,number-of-burgers-with-no-waste-of-ingredients,0.0
longest-uncommon-subsequence-i,average-height-of-buildings-in-each-segment,0.0
number-of-operations-to-make-network-connected,longest-word-with-all-prefixes,0.0
counting-elements,walking-robot-simulation-ii,0.0
unique-morse-code-words,find-indices-with-index-and-value-difference-ii,0.0
shortest-word-distance-iii,kth-smallest-number-in-multiplication-table,0.0
distance-between-bus-stops,maximum-non-negative-product-in-a-matrix,0.0
minimum-weighted-subgraph-with-the-required-paths,happy-number,0.0
high-access-employees,minimum-distance-to-the-target-element,0.0
check-if-there-is-a-valid-partition-for-the-array,advantage-shuffle,0.0
maximum-trailing-zeros-in-a-cornered-path,maximize-happiness-of-selected-children,0.0
amount-of-time-for-binary-tree-to-be-infected,find-the-pivot-integer,0.0
maximize-total-tastiness-of-purchased-fruits,split-array-into-fibonacci-sequence,0.0
sum-of-two-integers,valid-word,0.0
double-a-number-represented-as-a-linked-list,maximum-number-of-balls-in-a-box,0.0
integer-to-roman,simple-bank-system,0.0
sum-game,data-stream-as-disjoint-intervals,0.0
maximum-number-of-groups-getting-fresh-donuts,parsing-a-boolean-expression,0.0
find-two-non-overlapping-sub-arrays-each-with-target-sum,print-in-order,0.0
cheapest-flights-within-k-stops,average-waiting-time,0.0
convert-binary-search-tree-to-sorted-doubly-linked-list,swap-for-longest-repeated-character-substring,0.0
maximum-palindromes-after-operations,maximum-enemy-forts-that-can-be-captured,0.0
total-hamming-distance,maximum-frequency-stack,0.0
number-of-possible-sets-of-closing-branches,the-number-of-full-rounds-you-have-played,0.0
day-of-the-year,maximum-xor-of-two-numbers-in-an-array,0.0
construct-quad-tree,minimum-cost-to-convert-string-i,0.0
check-if-number-has-equal-digit-count-and-digit-value,shortest-word-distance,0.0
count-the-number-of-special-characters-i,maximize-win-from-two-segments,0.0
count-the-number-of-houses-at-a-certain-distance-i,maximum-consecutive-floors-without-special-floors,0.0
find-the-integer-added-to-array-ii,maximum-number-of-balloons,0.0
insert-greatest-common-divisors-in-linked-list,parallel-courses,0.0
maximum-score-of-a-good-subarray,subtract-the-product-and-sum-of-digits-of-an-integer,0.0
palindrome-rearrangement-queries,shortest-cycle-in-a-graph,0.0
sequentially-ordinal-rank-tracker,determine-the-winner-of-a-bowling-game,0.0
minimum-rectangles-to-cover-points,maximum-number-of-robots-within-budget,0.0
distribute-candies-among-children-iii,palindrome-partitioning-iii,0.0
bold-words-in-string,find-smallest-common-element-in-all-rows,0.0
longest-increasing-subsequence,sum-of-digits-in-base-k,0.0
sum-of-total-strength-of-wizards,split-array-into-consecutive-subsequences,0.0
get-biggest-three-rhombus-sums-in-a-grid,maximum-binary-tree-ii,0.0
minimum-operations-to-remove-adjacent-ones-in-matrix,design-snake-game,0.0
house-robber,count-unguarded-cells-in-the-grid,0.0
flatten-a-multilevel-doubly-linked-list,number-of-pairs-of-strings-with-concatenation-equal-to-target,0.0
design-a-file-sharing-system,minimum-reverse-operations,0.0
count-vowel-substrings-of-a-string,maximum-units-on-a-truck,0.0
design-underground-system,maximum-frequency-score-of-a-subarray,0.0
teemo-attacking,ways-to-split-array-into-three-subarrays,0.0
reformat-date,convert-bst-to-greater-tree,0.0
robot-room-cleaner,brightest-position-on-street,0.0
check-for-contradictions-in-equations,number-of-excellent-pairs,0.0
add-digits,choose-numbers-from-two-arrays-in-range,0.0
palindrome-linked-list,stone-game-v,0.0
number-of-ways-to-arrive-at-destination,count-vowel-strings-in-ranges,0.0
last-visited-integers,bulb-switcher,0.0
longest-uploaded-prefix,stone-game-ix,0.0
count-largest-group,maximum-length-of-a-concatenated-string-with-unique-characters,0.0
find-smallest-common-element-in-all-rows,find-a-corresponding-node-of-a-binary-tree-in-a-clone-of-that-tree,0.0
encode-string-with-shortest-length,print-in-order,0.0
last-substring-in-lexicographical-order,right-triangles,0.0
checking-existence-of-edge-length-limited-paths-ii,number-of-strings-that-appear-as-substrings-in-word,0.0
check-if-every-row-and-column-contains-all-numbers,maximum-value-after-insertion,0.0
first-completely-painted-row-or-column,reverse-substrings-between-each-pair-of-parentheses,0.0
repeated-substring-pattern,maximum-white-tiles-covered-by-a-carpet,0.0
minimum-cost-to-separate-sentence-into-rows,maximum-number-of-intersections-on-the-chart,0.0
group-anagrams,count-subarrays-where-max-element-appears-at-least-k-times,0.0
reverse-words-in-a-string-ii,movement-of-robots,0.0
car-fleet-ii,ambiguous-coordinates,0.0
maximum-candies-allocated-to-k-children,escape-a-large-maze,0.0
maximum-trailing-zeros-in-a-cornered-path,equal-tree-partition,0.0
taking-maximum-energy-from-the-mystic-dungeon,merge-k-sorted-lists,0.0
minimum-cuts-to-divide-a-circle,occurrences-after-bigram,0.0
minimum-operations-to-make-the-array-alternating,stickers-to-spell-word,0.0
minimum-time-to-complete-trips,middle-of-the-linked-list,0.0
rectangle-overlap,max-number-of-k-sum-pairs,0.0
count-houses-in-a-circular-street-ii,similar-rgb-color,0.0
maximal-network-rank,delete-columns-to-make-sorted-iii,0.0
letter-case-permutation,top-k-frequent-elements,0.0
find-subarray-with-bitwise-or-closest-to-k,rotate-image,0.0
implement-queue-using-stacks,minimum-number-of-flips-to-convert-binary-matrix-to-zero-matrix,0.0
maximum-binary-tree,find-champion-i,0.0
base-7,sort-colors,0.0
cutting-ribbons,divide-array-into-equal-pairs,0.0
water-bottles-ii,maximum-distance-between-a-pair-of-values,0.0
gray-code,decrypt-string-from-alphabet-to-integer-mapping,0.0
sum-of-scores-of-built-strings,count-the-number-of-complete-components,0.0
convert-bst-to-greater-tree,find-number-of-ways-to-reach-the-k-th-stair,0.0
k-divisible-elements-subarrays,binary-tree-preorder-traversal,0.0
diameter-of-n-ary-tree,choose-numbers-from-two-arrays-in-range,0.0
critical-connections-in-a-network,minimum-falling-path-sum-ii,0.0
minimum-number-of-operations-to-make-array-continuous,convert-a-number-to-hexadecimal,0.0
replace-words,target-sum,0.0
integer-to-english-words,can-you-eat-your-favorite-candy-on-your-favorite-day,0.0
zigzag-iterator,count-number-of-possible-root-nodes,0.0
valid-tic-tac-toe-state,minimum-lines-to-represent-a-line-chart,0.0
create-maximum-number,minimum-window-subsequence,0.0
minimum-moves-to-capture-the-queen,ternary-expression-parser,0.0
increment-submatrices-by-one,binary-tree-vertical-order-traversal,0.0
pass-the-pillow,sort-array-by-parity,0.0
largest-bst-subtree,check-array-formation-through-concatenation,0.0
minimum-seconds-to-equalize-a-circular-array,evaluate-reverse-polish-notation,0.0
add-two-numbers-ii,trapping-rain-water,0.0
sort-list,replace-all-s-to-avoid-consecutive-repeating-characters,0.0
construct-k-palindrome-strings,minimum-cost-tree-from-leaf-values,0.0
brightest-position-on-street,minimum-moves-to-reach-target-with-rotations,0.0
merge-two-sorted-lists,previous-permutation-with-one-swap,0.0
average-of-levels-in-binary-tree,number-of-1-bits,0.0
find-bottom-left-tree-value,minimum-falling-path-sum-ii,0.0
maximum-running-time-of-n-computers,check-if-numbers-are-ascending-in-a-sentence,0.0
longest-chunked-palindrome-decomposition,number-complement,0.0
find-if-path-exists-in-graph,maximum-side-length-of-a-square-with-sum-less-than-or-equal-to-threshold,0.0
minimum-subsequence-in-non-increasing-order,match-alphanumerical-pattern-in-matrix-i,0.0
rle-iterator,before-and-after-puzzle,0.0
minimize-malware-spread-ii,jump-game,0.0
fruit-into-baskets,the-k-strongest-values-in-an-array,0.0
convert-sorted-array-to-binary-search-tree,watering-plants,0.0
minimum-limit-of-balls-in-a-bag,number-of-distinct-islands-ii,0.0
maximum-frequency-stack,determine-whether-matrix-can-be-obtained-by-rotation,0.0
n-ary-tree-postorder-traversal,count-prefix-and-suffix-pairs-ii,0.0
elimination-game,most-beautiful-item-for-each-query,0.0
cells-in-a-range-on-an-excel-sheet,digit-count-in-range,0.0
unique-morse-code-words,capacity-to-ship-packages-within-d-days,0.0
largest-palindromic-number,check-if-a-string-is-a-valid-sequence-from-root-to-leaves-path-in-a-binary-tree,0.0
subtree-of-another-tree,maximum-number-of-vowels-in-a-substring-of-given-length,0.0
complement-of-base-10-integer,number-of-subarrays-that-match-a-pattern-i,0.0
reformat-date,flood-fill,0.0
minimum-operations-to-reduce-an-integer-to-0,validate-stack-sequences,0.0
count-the-number-of-good-subarrays,check-if-a-parentheses-string-can-be-valid,0.0
construct-binary-tree-from-string,minimum-number-of-visited-cells-in-a-grid,0.0
teemo-attacking,odd-string-difference,0.0
excel-sheet-column-title,maximum-depth-of-binary-tree,0.0
nested-list-weight-sum,number-of-valid-subarrays,0.0
find-the-width-of-columns-of-a-grid,partition-string-into-minimum-beautiful-substrings,0.0
connecting-cities-with-minimum-cost,remove-all-adjacent-duplicates-in-string-ii,0.0
climbing-stairs,minimum-length-of-anagram-concatenation,0.0
determine-whether-matrix-can-be-obtained-by-rotation,consecutive-numbers-sum,0.0
candy-crush,minimum-time-to-complete-all-tasks,0.0
sum-of-scores-of-built-strings,number-of-valid-words-for-each-puzzle,0.0
smallest-integer-divisible-by-k,palindrome-permutation,0.0
delete-node-in-a-bst,find-right-interval,0.0
relocate-marbles,maximum-path-quality-of-a-graph,0.0
find-shortest-path-with-k-hops,parsing-a-boolean-expression,0.0
smallest-value-of-the-rearranged-number,ones-and-zeroes,0.0
middle-of-the-linked-list,kth-largest-sum-in-a-binary-tree,0.0
subarrays-with-k-different-integers,cinema-seat-allocation,0.0
count-lattice-points-inside-a-circle,license-key-formatting,0.0
nested-list-weight-sum-ii,implement-magic-dictionary,0.0
search-insert-position,minimum-hours-of-training-to-win-a-competition,0.0
dot-product-of-two-sparse-vectors,number-of-valid-move-combinations-on-chessboard,0.0
sum-of-k-mirror-numbers,range-sum-query-2d-immutable,0.0
detect-capital,search-in-a-sorted-array-of-unknown-size,0.0
richest-customer-wealth,count-ways-to-make-array-with-product,0.0
find-duplicate-file-in-system,lexicographically-smallest-equivalent-string,0.0
magnetic-force-between-two-balls,string-transformation,0.0
next-permutation,maximum-sum-of-an-hourglass,0.0
how-many-apples-can-you-put-into-the-basket,cycle-length-queries-in-a-tree,0.0
complex-number-multiplication,encode-and-decode-strings,0.0
find-if-array-can-be-sorted,reshape-the-matrix,0.0
number-of-changing-keys,kth-missing-positive-number,0.0
spiral-matrix,sort-array-by-increasing-frequency,0.0
last-stone-weight-ii,shortest-and-lexicographically-smallest-beautiful-string,0.0
substrings-of-size-three-with-distinct-characters,reveal-cards-in-increasing-order,0.0
shortest-common-supersequence,print-words-vertically,0.0
count-servers-that-communicate,minimum-number-of-vertices-to-reach-all-nodes,0.0
shuffle-string,apply-operations-to-maximize-score,0.0
add-to-array-form-of-integer,find-nearest-point-that-has-the-same-x-or-y-coordinate,0.0
find-maximal-uncovered-ranges,minimum-genetic-mutation,0.0
crawler-log-folder,query-kth-smallest-trimmed-number,0.0
lowest-common-ancestor-of-deepest-leaves,minimum-adjacent-swaps-to-make-a-valid-array,0.0
maximum-number-of-tasks-you-can-assign,remove-duplicates-from-sorted-list-ii,0.0
time-based-key-value-store,apply-operations-on-array-to-maximize-sum-of-squares,0.0
remove-sub-folders-from-the-filesystem,the-kth-factor-of-n,0.0
minimum-sum-of-four-digit-number-after-splitting-digits,number-of-distinct-islands-ii,0.0
least-operators-to-express-number,largest-number,0.0
longest-repeating-substring,brick-wall,0.0
apply-operations-to-make-two-strings-equal,count-the-number-of-infection-sequences,0.0
minimum-number-of-operations-to-make-array-continuous,pass-the-pillow,0.0
check-if-an-original-string-exists-given-two-encoded-strings,two-sum-less-than-k,0.0
extract-kth-character-from-the-rope-tree,separate-the-digits-in-an-array,0.0
collecting-chocolates,number-of-steps-to-reduce-a-number-to-zero,0.0
range-sum-query-immutable,index-pairs-of-a-string,0.0
closest-subsequence-sum,delete-duplicate-folders-in-system,0.0
count-number-of-homogenous-substrings,map-of-highest-peak,0.0
paint-house,count-zero-request-servers,0.0
number-of-islands-ii,best-poker-hand,0.0
sum-of-absolute-differences-in-a-sorted-array,faulty-sensor,0.0
number-of-self-divisible-permutations,beautiful-towers-ii,0.0
build-array-where-you-can-find-the-maximum-exactly-k-comparisons,squirrel-simulation,0.0
groups-of-strings,minimum-area-rectangle-ii,0.0
longest-common-subpath,find-mode-in-binary-search-tree,0.0
maximum-alternating-subarray-sum,design-a-stack-with-increment-operation,0.0
better-compression-of-string,word-break,0.0
lexicographically-smallest-string-after-applying-operations,number-of-days-between-two-dates,0.0
excel-sheet-column-title,reverse-subarray-to-maximize-array-value,0.0
random-flip-matrix,minimum-absolute-sum-difference,0.0
convert-bst-to-greater-tree,find-the-original-array-of-prefix-xor,0.0
maximum-population-year,generate-random-point-in-a-circle,0.0
apply-operations-to-make-string-empty,parse-lisp-expression,0.0
subsequence-of-size-k-with-the-largest-even-sum,spiral-matrix-ii,0.0
robot-room-cleaner,valid-palindrome,0.0
count-integers-in-intervals,minimum-number-of-days-to-disconnect-island,0.0
make-a-square-with-the-same-color,remove-nodes-from-linked-list,0.0
design-parking-system,count-visited-nodes-in-a-directed-graph,0.0
count-the-number-of-incremovable-subarrays-i,closest-room,0.0
detect-squares,kth-smallest-product-of-two-sorted-arrays,0.0
diagonal-traverse-ii,kth-largest-element-in-a-stream,0.0
sparse-matrix-multiplication,walking-robot-simulation,0.0
fizz-buzz,removing-minimum-number-of-magic-beans,0.0
construct-the-lexicographically-largest-valid-sequence,strings-differ-by-one-character,0.0
count-common-words-with-one-occurrence,count-subtrees-with-max-distance-between-cities,0.0
making-file-names-unique,number-of-steps-to-reduce-a-number-to-zero,0.0
magical-string,design-most-recently-used-queue,0.0
sliding-window-median,closest-leaf-in-a-binary-tree,0.0
read-n-characters-given-read4,remove-all-occurrences-of-a-substring,0.0
minimum-penalty-for-a-shop,double-a-number-represented-as-a-linked-list,0.0
reconstruct-original-digits-from-english,most-frequent-ids,0.0
add-digits,construct-binary-tree-from-inorder-and-postorder-traversal,0.0
keyboard-row,capacity-to-ship-packages-within-d-days,0.0
consecutive-characters,construct-the-rectangle,0.0
detect-cycles-in-2d-grid,third-maximum-number,0.0
maximum-number-of-tasks-you-can-assign,maximum-number-of-accepted-invitations,0.0
accounts-merge,largest-combination-with-bitwise-and-greater-than-zero,0.0
smallest-value-after-replacing-with-sum-of-prime-factors,decode-ways,0.0
invalid-transactions,minimize-deviation-in-array,0.0
maximize-the-minimum-powered-city,maximum-number-of-words-you-can-type,0.0
equal-rational-numbers,satisfiability-of-equality-equations,0.0
implement-queue-using-stacks,house-robber-ii,0.0
substrings-that-begin-and-end-with-the-same-letter,logger-rate-limiter,0.0
knight-dialer,maximum-score-words-formed-by-letters,0.0
x-of-a-kind-in-a-deck-of-cards,design-bounded-blocking-queue,0.0
complete-binary-tree-inserter,match-substring-after-replacement,0.0
greatest-common-divisor-traversal,search-a-2d-matrix,0.0
group-the-people-given-the-group-size-they-belong-to,find-maximum-non-decreasing-array-length,0.0
alice-and-bob-playing-flower-game,reverse-nodes-in-k-group,0.0
count-integers-in-intervals,best-meeting-point,0.0
design-in-memory-file-system,find-the-longest-valid-obstacle-course-at-each-position,0.0
number-of-possible-sets-of-closing-branches,maximum-depth-of-n-ary-tree,0.0
flip-game-ii,monotonic-array,0.0
best-time-to-buy-and-sell-stock-iv,merge-two-sorted-lists,0.0
find-score-of-an-array-after-marking-all-elements,valid-perfect-square,0.0
minimum-penalty-for-a-shop,number-of-beautiful-integers-in-the-range,0.0
maximum-erasure-value,goat-latin,0.0
check-if-it-is-a-good-array,design-front-middle-back-queue,0.0
regions-cut-by-slashes,unique-length-3-palindromic-subsequences,0.0
smallest-subarrays-with-maximum-bitwise-or,time-based-key-value-store,0.0
reverse-words-in-a-string,132-pattern,0.0
successful-pairs-of-spells-and-potions,design-tic-tac-toe,0.0
count-operations-to-obtain-zero,serialize-and-deserialize-bst,0.0
search-a-2d-matrix,most-frequent-subtree-sum,0.0
check-if-it-is-a-good-array,minimum-score-triangulation-of-polygon,0.0
find-the-value-of-the-partition,sum-of-remoteness-of-all-cells,0.0
sum-of-nodes-with-even-valued-grandparent,maximum-number-of-balloons,0.0
check-if-there-is-a-valid-path-in-a-grid,stone-game,0.0
count-increasing-quadruplets,minimum-number-of-operations-to-make-string-sorted,0.0
contains-duplicate,number-of-unique-good-subsequences,0.0
number-of-good-leaf-nodes-pairs,replace-words,0.0
find-winner-on-a-tic-tac-toe-game,valid-palindrome-ii,0.0
minimum-number-of-operations-to-make-x-and-y-equal,find-pattern-in-infinite-stream-ii,0.0
repeated-substring-pattern,check-if-point-is-reachable,0.0
minimum-operations-to-make-a-uni-value-grid,find-champion-ii,0.0
describe-the-painting,magical-string,0.0
find-first-palindromic-string-in-the-array,circular-permutation-in-binary-representation,0.0
maximum-cost-of-trip-with-k-highways,minimum-number-of-pushes-to-type-word-i,0.0
minimum-difference-between-largest-and-smallest-value-in-three-moves,redundant-connection,0.0
power-of-four,shortest-path-in-binary-matrix,0.0
student-attendance-record-ii,queens-that-can-attack-the-king,0.0
check-if-string-is-a-prefix-of-array,k-radius-subarray-averages,0.0
maximum-bags-with-full-capacity-of-rocks,defanging-an-ip-address,0.0
nested-list-weight-sum,minimize-or-of-remaining-elements-using-operations,0.0
harshad-number,count-elements-with-strictly-smaller-and-greater-elements,0.0
most-common-word,partition-string-into-substrings-with-values-at-most-k,0.0
longest-mountain-in-array,special-binary-string,0.0
leftmost-column-with-at-least-a-one,high-access-employees,0.0
minimize-length-of-array-using-operations,determine-if-string-halves-are-alike,0.0
split-strings-by-separator,reach-a-number,0.0
encode-n-ary-tree-to-binary-tree,bus-routes,0.0
make-array-empty,maximum-height-by-stacking-cuboids,0.0
divide-array-into-increasing-sequences,employee-free-time,0.0
find-the-maximum-divisibility-score,allocate-mailboxes,0.0
stone-game-iv,walking-robot-simulation-ii,0.0
graph-connectivity-with-threshold,freedom-trail,0.0
construct-binary-tree-from-string,couples-holding-hands,0.0
maximize-grid-happiness,number-of-operations-to-make-network-connected,0.0
remove-trailing-zeros-from-a-string,set-matrix-zeroes,0.0
my-calendar-ii,longest-increasing-subsequence-ii,0.0
binary-number-with-alternating-bits,minimum-number-of-coins-for-fruits,0.0
count-primes,replace-the-substring-for-balanced-string,0.0
find-the-smallest-divisor-given-a-threshold,minimum-number-of-operations-to-sort-a-binary-tree-by-level,0.0
employee-free-time,maximum-subarray-min-product,0.0
number-of-ways-to-reorder-array-to-get-same-bst,word-ladder,0.0
minimum-number-of-operations-to-sort-a-binary-tree-by-level,find-kth-bit-in-nth-binary-string,0.0
path-crossing,maximum-employees-to-be-invited-to-a-meeting,0.0
nested-list-weight-sum-ii,circular-array-loop,0.0
tree-of-coprimes,minimum-number-of-k-consecutive-bit-flips,0.0
utf-8-validation,insert-interval,0.0
shift-2d-grid,minimum-time-to-type-word-using-special-typewriter,0.0
water-bottles-ii,second-minimum-time-to-reach-destination,0.0
check-array-formation-through-concatenation,reverse-string-ii,0.0
number-of-closed-islands,time-needed-to-rearrange-a-binary-string,0.0
pseudo-palindromic-paths-in-a-binary-tree,minimum-right-shifts-to-sort-the-array,0.0
lowest-common-ancestor-of-a-binary-tree-iii,coin-path,0.0
maximum-ice-cream-bars,custom-sort-string,0.0
maximum-score-after-splitting-a-string,number-of-ways-to-reach-a-position-after-exactly-k-steps,0.0
number-of-distinct-averages,binary-tree-paths,0.0
find-duplicate-file-in-system,container-with-most-water,0.0
faulty-keyboard,maximum-non-negative-product-in-a-matrix,0.0
maximum-units-on-a-truck,design-tic-tac-toe,0.0
better-compression-of-string,find-a-value-of-a-mysterious-function-closest-to-target,0.0
check-if-it-is-a-straight-line,basic-calculator,0.0
longest-nice-substring,basic-calculator-iv,0.0
powerful-integers,minimum-space-wasted-from-packaging,0.0
determine-if-a-cell-is-reachable-at-a-given-time,longest-palindromic-substring,0.0
the-maze,maximum-size-of-a-set-after-removals,0.0
number-of-distinct-binary-strings-after-applying-operations,sentence-screen-fitting,0.0
long-pressed-name,4sum-ii,0.0
find-nearest-right-node-in-binary-tree,find-the-city-with-the-smallest-number-of-neighbors-at-a-threshold-distance,0.0
basic-calculator-ii,add-one-row-to-tree,0.0
substrings-of-size-three-with-distinct-characters,ip-to-cidr,0.0
minimum-time-to-complete-trips,candy-crush,0.0
minimum-operations-to-make-a-uni-value-grid,minimum-fuel-cost-to-report-to-the-capital,0.0
sort-the-students-by-their-kth-score,minimum-cost-to-reach-city-with-discounts,0.0
find-root-of-n-ary-tree,contains-duplicate-ii,0.0
minimum-number-of-operations-to-sort-a-binary-tree-by-level,maximize-number-of-nice-divisors,0.0
maximum-sum-of-subsequence-with-non-adjacent-elements,design-hashset,0.0
maximum-xor-of-two-numbers-in-an-array,count-complete-substrings,0.0
most-frequent-ids,stone-game-vii,0.0
count-nodes-that-are-great-enough,design-memory-allocator,0.0
minimum-add-to-make-parentheses-valid,all-elements-in-two-binary-search-trees,0.0
categorize-box-according-to-criteria,longest-unequal-adjacent-groups-subsequence-i,0.0
maximum-twin-sum-of-a-linked-list,word-search,0.0
sort-the-people,robot-room-cleaner,0.0
minimize-manhattan-distances,best-poker-hand,0.0
count-collisions-of-monkeys-on-a-polygon,minimum-cost-to-convert-string-ii,0.0
collect-coins-in-a-tree,largest-palindromic-number,0.0
find-the-peaks,sum-of-remoteness-of-all-cells,0.0
minimum-score-after-removals-on-a-tree,largest-merge-of-two-strings,0.0
shortest-and-lexicographically-smallest-beautiful-string,image-smoother,0.0
permutation-in-string,verify-preorder-sequence-in-binary-search-tree,0.0
count-the-number-of-good-partitions,merge-k-sorted-lists,0.0
design-authentication-manager,maximum-strength-of-k-disjoint-subarrays,0.0
number-of-days-between-two-dates,even-odd-tree,0.0
surface-area-of-3d-shapes,number-of-ways-to-split-a-string,0.0
find-smallest-common-element-in-all-rows,accounts-merge,0.0
longest-substring-with-at-least-k-repeating-characters,number-of-ways-where-square-of-number-is-equal-to-product-of-two-numbers,0.0
nested-list-weight-sum-ii,find-indices-with-index-and-value-difference-i,0.0
leftmost-column-with-at-least-a-one,longest-uncommon-subsequence-ii,0.0
shortest-path-to-get-food,minimum-deletions-to-make-string-k-special,0.0
minimum-cost-to-convert-string-i,delivering-boxes-from-storage-to-ports,0.0
defanging-an-ip-address,largest-1-bordered-square,0.0
number-of-corner-rectangles,count-substrings-starting-and-ending-with-given-character,0.0
form-largest-integer-with-digits-that-add-up-to-target,minimum-time-to-revert-word-to-initial-state-i,0.0
checking-existence-of-edge-length-limited-paths-ii,synonymous-sentences,0.0
lowest-common-ancestor-of-a-binary-tree-iii,count-the-number-of-vowel-strings-in-range,0.0
course-schedule-ii,search-in-a-sorted-array-of-unknown-size,0.0
super-pow,minimum-numbers-of-function-calls-to-make-target-array,0.0
sum-of-numbers-with-units-digit-k,simple-bank-system,0.0
merge-strings-alternately,count-special-integers,0.0
reorganize-string,minimum-number-of-operations-to-satisfy-conditions,0.0
number-of-possible-sets-of-closing-branches,delete-leaves-with-a-given-value,0.0
add-one-row-to-tree,reverse-words-in-a-string-iii,0.0
diameter-of-binary-tree,minimum-operations-to-maximize-last-elements-in-arrays,0.0
merge-similar-items,handshakes-that-dont-cross,0.0
keep-multiplying-found-values-by-two,count-prefix-and-suffix-pairs-ii,0.0
number-of-valid-words-in-a-sentence,checking-existence-of-edge-length-limited-paths-ii,0.0
decode-xored-array,design-an-atm-machine,0.0
find-all-groups-of-farmland,find-the-integer-added-to-array-ii,0.0
find-maximal-uncovered-ranges,remove-digit-from-number-to-maximize-result,0.0
check-if-there-is-a-valid-path-in-a-grid,minimum-number-of-moves-to-make-palindrome,0.0
maximum-product-of-the-length-of-two-palindromic-subsequences,collect-coins-in-a-tree,0.0
check-if-every-row-and-column-contains-all-numbers,find-champion-ii,0.0
first-missing-positive,last-day-where-you-can-still-cross,0.0
find-two-non-overlapping-sub-arrays-each-with-target-sum,a-number-after-a-double-reversal,0.0
minimum-subsequence-in-non-increasing-order,find-all-possible-stable-binary-arrays-ii,0.0
encode-and-decode-strings,build-array-where-you-can-find-the-maximum-exactly-k-comparisons,0.0
insert-interval,balance-a-binary-search-tree,0.0
student-attendance-record-ii,dinner-plate-stacks,0.0
k-radius-subarray-averages,number-of-unique-categories,0.0
shortest-palindrome,maximum-number-of-events-that-can-be-attended-ii,0.0
divide-a-string-into-groups-of-size-k,elimination-game,0.0
word-squares,number-of-islands-ii,0.0
champagne-tower,maximum-value-after-insertion,0.0
max-consecutive-ones-ii,minimum-knight-moves,0.0
rotate-function,difference-of-number-of-distinct-values-on-diagonals,0.0
find-the-minimum-possible-sum-of-a-beautiful-array,max-points-on-a-line,0.0
shuffle-an-array,short-encoding-of-words,0.0
stamping-the-grid,count-asterisks,0.0
masking-personal-information,robot-collisions,0.0
design-log-storage-system,distribute-money-to-maximum-children,0.0
number-of-valid-move-combinations-on-chessboard,maximum-strong-pair-xor-i,0.0
guess-the-word,maximum-nesting-depth-of-two-valid-parentheses-strings,0.0
find-the-maximum-achievable-number,number-of-ways-to-separate-numbers,0.0
concatenation-of-array,length-of-the-longest-valid-substring,0.0
maximum-depth-of-n-ary-tree,splitting-a-string-into-descending-consecutive-values,0.0
search-suggestions-system,compare-version-numbers,0.0
snapshot-array,divide-array-into-increasing-sequences,0.0
all-paths-from-source-to-target,minimum-cost-to-make-array-equal,0.0
high-access-employees,android-unlock-patterns,0.0
remove-all-adjacent-duplicates-in-string-ii,count-operations-to-obtain-zero,0.0
number-of-longest-increasing-subsequence,serialize-and-deserialize-binary-tree,0.0
lemonade-change,kth-largest-sum-in-a-binary-tree,0.0
minimum-swaps-to-make-strings-equal,missing-ranges,0.0
pascals-triangle,make-number-of-distinct-characters-equal,0.0
search-in-a-binary-search-tree,dot-product-of-two-sparse-vectors,0.0
insert-into-a-binary-search-tree,longest-chunked-palindrome-decomposition,0.0
find-indices-with-index-and-value-difference-ii,remove-colored-pieces-if-both-neighbors-are-the-same-color,0.0
maximum-cost-of-trip-with-k-highways,missing-element-in-sorted-array,0.0
my-calendar-ii,tiling-a-rectangle-with-the-fewest-squares,0.0
toeplitz-matrix,sort-list,0.0
the-k-strongest-values-in-an-array,sqrtx,0.0
sum-of-values-at-indices-with-k-set-bits,determine-whether-matrix-can-be-obtained-by-rotation,0.0
strictly-palindromic-number,increasing-order-search-tree,0.0
maximum-repeating-substring,flatten-a-multilevel-doubly-linked-list,0.0
last-substring-in-lexicographical-order,koko-eating-bananas,0.0
shortest-subarray-to-be-removed-to-make-array-sorted,expressive-words,0.0
minesweeper,design-underground-system,0.0
queries-on-number-of-points-inside-a-circle,n-ary-tree-preorder-traversal,0.0
count-the-number-of-special-characters-ii,toss-strange-coins,0.0
strobogrammatic-number-iii,minimum-absolute-difference-queries,0.0
new-21-game,minimum-number-of-operations-to-make-string-sorted,0.0
maximum-points-after-collecting-coins-from-all-nodes,check-if-array-is-sorted-and-rotated,0.0
closest-divisors,construct-binary-tree-from-preorder-and-inorder-traversal,0.0
keys-and-rooms,global-and-local-inversions,0.0
partition-array-according-to-given-pivot,count-vowel-strings-in-ranges,0.0
powx-n,number-of-visible-people-in-a-queue,0.0
find-good-days-to-rob-the-bank,ugly-number-iii,0.0
find-the-first-player-to-win-k-games-in-a-row,number-of-good-leaf-nodes-pairs,0.0
rectangle-area-ii,n-repeated-element-in-size-2n-array,0.0
shifting-letters,equal-tree-partition,0.0
coin-path,sum-of-left-leaves,0.0
groups-of-special-equivalent-strings,sum-of-all-odd-length-subarrays,0.0
maximum-product-of-two-elements-in-an-array,occurrences-after-bigram,0.0
find-unique-binary-string,is-array-a-preorder-of-some-binary-tree,0.0
longest-mountain-in-array,shuffle-an-array,0.0
number-of-ways-to-arrive-at-destination,check-knight-tour-configuration,0.0
longest-valid-parentheses,sum-of-unique-elements,0.0
minimum-time-to-visit-a-cell-in-a-grid,sentence-similarity-iii,0.0
swap-nodes-in-pairs,smallest-string-with-a-given-numeric-value,0.0
maximum-number-of-non-overlapping-palindrome-substrings,insert-delete-getrandom-o1-duplicates-allowed,0.0
eliminate-maximum-number-of-monsters,random-point-in-non-overlapping-rectangles,0.0
lowest-common-ancestor-of-a-binary-search-tree,tag-validator,0.0
design-authentication-manager,find-the-punishment-number-of-an-integer,0.0
letter-tile-possibilities,find-the-width-of-columns-of-a-grid,0.0
sentence-similarity-iii,minimum-cost-of-a-path-with-special-roads,0.0
palindrome-linked-list,queue-reconstruction-by-height,0.0
minimum-number-of-arrows-to-burst-balloons,valid-word,0.0
subarray-product-less-than-k,find-the-grid-of-region-average,0.0
subarray-sums-divisible-by-k,coin-path,0.0
design-a-number-container-system,super-palindromes,0.0
consecutive-numbers-sum,extra-characters-in-a-string,0.0
sum-game,kth-largest-sum-in-a-binary-tree,0.0
find-duplicate-file-in-system,design-twitter,0.0
sum-of-two-integers,count-different-palindromic-subsequences,0.0
maximum-coins-heroes-can-collect,checking-existence-of-edge-length-limited-paths-ii,0.0
find-the-city-with-the-smallest-number-of-neighbors-at-a-threshold-distance,find-the-number-of-subarrays-where-boundary-elements-are-maximum,0.0
knight-dialer,find-kth-largest-xor-coordinate-value,0.0
find-the-safest-path-in-a-grid,minimum-cost-for-tickets,0.0
minimum-window-subsequence,count-array-pairs-divisible-by-k,0.0
minimum-costs-using-the-train-line,maximum-number-of-points-from-grid-queries,0.0
maximum-number-of-removable-characters,count-pairs-of-nodes,0.0
latest-time-by-replacing-hidden-digits,maximum-number-of-visible-points,0.0
hand-of-straights,percentage-of-letter-in-string,0.0
rectangle-area-ii,binary-tree-level-order-traversal,0.0
validate-stack-sequences,find-the-closest-palindrome,0.0
maximum-elegance-of-a-k-length-subsequence,pascals-triangle-ii,0.0
diameter-of-n-ary-tree,find-in-mountain-array,0.0
split-strings-by-separator,avoid-flood-in-the-city,0.0
subarrays-with-k-different-integers,depth-of-bst-given-insertion-order,0.0
time-needed-to-rearrange-a-binary-string,booking-concert-tickets-in-groups,0.0
remove-covered-intervals,game-of-nim,0.0
heaters,the-employee-that-worked-on-the-longest-task,0.0
substring-with-concatenation-of-all-words,partition-array-for-maximum-sum,0.0
count-the-number-of-vowel-strings-in-range,kth-smallest-number-in-multiplication-table,0.0
design-hashmap,maximum-total-importance-of-roads,0.0
find-the-k-sum-of-an-array,maximum-number-of-groups-entering-a-competition,0.0
filling-bookcase-shelves,ambiguous-coordinates,0.0
robot-bounded-in-circle,buildings-with-an-ocean-view,0.0
flatten-2d-vector,construct-binary-tree-from-preorder-and-postorder-traversal,0.0
design-an-atm-machine,majority-element-ii,0.0
minimum-subsequence-in-non-increasing-order,minimum-white-tiles-after-covering-with-carpets,0.0
maximum-total-reward-using-operations-i,minimize-string-length,0.0
k-inverse-pairs-array,design-tic-tac-toe,0.0
reverse-nodes-in-even-length-groups,maximum-value-of-an-ordered-triplet-i,0.0
factor-combinations,number-of-unique-flavors-after-sharing-k-candies,0.0
reduction-operations-to-make-the-array-elements-equal,binary-string-with-substrings-representing-1-to-n,0.0
earliest-second-to-mark-indices-ii,design-a-file-sharing-system,0.0
find-a-corresponding-node-of-a-binary-tree-in-a-clone-of-that-tree,most-popular-video-creator,0.0
reconstruct-itinerary,number-of-subarrays-that-match-a-pattern-i,0.0
check-if-number-is-a-sum-of-powers-of-three,circular-sentence,0.0
find-all-duplicates-in-an-array,minimum-insertions-to-balance-a-parentheses-string,0.0
string-matching-in-an-array,longest-arithmetic-subsequence-of-given-difference,0.0
number-of-strings-that-appear-as-substrings-in-word,next-greater-element-i,0.0
sum-in-a-matrix,preimage-size-of-factorial-zeroes-function,0.0
count-substrings-that-differ-by-one-character,maximize-the-beauty-of-the-garden,0.0
binary-search-tree-to-greater-sum-tree,my-calendar-i,0.0
number-of-connected-components-in-an-undirected-graph,check-if-there-is-a-valid-partition-for-the-array,0.0
number-of-valid-clock-times,maximum-points-after-collecting-coins-from-all-nodes,0.0
implement-trie-ii-prefix-tree,amount-of-new-area-painted-each-day,0.0
average-of-levels-in-binary-tree,most-stones-removed-with-same-row-or-column,0.0
online-stock-span,sort-features-by-popularity,0.0
number-of-ways-to-buy-pens-and-pencils,rank-teams-by-votes,0.0
design-a-number-container-system,maximum-sum-obtained-of-any-permutation,0.0
circular-array-loop,distinct-subsequences-ii,0.0
inorder-successor-in-bst,thousand-separator,0.0
substring-with-concatenation-of-all-words,find-all-people-with-secret,0.0
maximum-subtree-of-the-same-color,count-stepping-numbers-in-range,0.0
count-items-matching-a-rule,maximum-score-from-performing-multiplication-operations,0.0
minimum-total-distance-traveled,pacific-atlantic-water-flow,0.0
ways-to-make-a-fair-array,smallest-subtree-with-all-the-deepest-nodes,0.0
find-three-consecutive-integers-that-sum-to-a-given-number,encrypt-and-decrypt-strings,0.0
maximum-length-of-a-concatenated-string-with-unique-characters,minimize-the-maximum-of-two-arrays,0.0
partition-to-k-equal-sum-subsets,maximum-number-of-accepted-invitations,0.0
number-of-spaces-cleaning-robot-cleaned,minimize-maximum-of-array,0.0
sort-array-by-parity,check-if-binary-string-has-at-most-one-segment-of-ones,0.0
merge-nodes-in-between-zeros,maximum-difference-between-node-and-ancestor,0.0
count-ways-to-make-array-with-product,the-k-th-lexicographical-string-of-all-happy-strings-of-length-n,0.0
faulty-sensor,sequentially-ordinal-rank-tracker,0.0
encode-and-decode-strings,minimum-average-difference,0.0
faulty-sensor,cells-in-a-range-on-an-excel-sheet,0.0
number-of-single-divisor-triplets,check-if-word-can-be-placed-in-crossword,0.0
number-of-islands,maximum-balanced-subsequence-sum,0.0
number-of-common-factors,compare-strings-by-frequency-of-the-smallest-character,0.0
check-if-numbers-are-ascending-in-a-sentence,most-profit-assigning-work,0.0
1-bit-and-2-bit-characters,cut-off-trees-for-golf-event,0.0
query-kth-smallest-trimmed-number,logical-or-of-two-binary-grids-represented-as-quad-trees,0.0
distance-to-a-cycle-in-undirected-graph,count-all-possible-routes,0.0
swim-in-rising-water,number-of-visible-people-in-a-queue,0.0
network-delay-time,construct-binary-tree-from-string,0.0
minimum-limit-of-balls-in-a-bag,gray-code,0.0
minesweeper,online-stock-span,0.0
number-of-closed-islands,maximum-score-of-spliced-array,0.0
uncommon-words-from-two-sentences,sum-of-subsequence-widths,0.0
percentage-of-letter-in-string,merge-triplets-to-form-target-triplet,0.0
minimum-time-to-visit-disappearing-nodes,bitwise-and-of-numbers-range,0.0
shortest-subarray-with-or-at-least-k-i,lexicographically-smallest-equivalent-string,0.0
next-greater-element-ii,find-the-difference,0.0
check-knight-tour-configuration,minimum-fuel-cost-to-report-to-the-capital,0.0
previous-permutation-with-one-swap,minimum-time-to-revert-word-to-initial-state-i,0.0
successful-pairs-of-spells-and-potions,maximum-nesting-depth-of-the-parentheses,0.0
longest-nice-substring,maximum-of-absolute-value-expression,0.0
design-circular-queue,count-the-number-of-good-subarrays,0.0
intersection-of-two-linked-lists,best-time-to-buy-and-sell-stock-ii,0.0
number-of-smooth-descent-periods-of-a-stock,lowest-common-ancestor-of-a-binary-tree-iii,0.0
sentence-similarity-iii,binary-tree-tilt,0.0
redundant-connection,rearrange-array-elements-by-sign,0.0
high-five,number-of-substrings-with-only-1s,0.0
satisfiability-of-equality-equations,reformat-date,0.0
count-negative-numbers-in-a-sorted-matrix,sort-linked-list-already-sorted-using-absolute-values,0.0
minimum-operations-to-remove-adjacent-ones-in-matrix,plates-between-candles,0.0
merge-in-between-linked-lists,maximum-points-in-an-archery-competition,0.0
find-three-consecutive-integers-that-sum-to-a-given-number,swap-nodes-in-pairs,0.0
minimum-costs-using-the-train-line,delete-tree-nodes,0.0
equal-tree-partition,minimum-absolute-difference,0.0
remove-vowels-from-a-string,spiral-matrix-iv,0.0
minimum-substring-partition-of-equal-character-frequency,queens-that-can-attack-the-king,0.0
high-access-employees,kth-missing-positive-number,0.0
nth-magical-number,number-of-substrings-containing-all-three-characters,0.0
pour-water,boundary-of-binary-tree,0.0
check-if-a-word-occurs-as-a-prefix-of-any-word-in-a-sentence,check-if-a-string-is-a-valid-sequence-from-root-to-leaves-path-in-a-binary-tree,0.0
maximum-xor-with-an-element-from-array,add-two-numbers-ii,0.0
valid-anagram,add-two-polynomials-represented-as-linked-lists,0.0
sort-vowels-in-a-string,sum-of-even-numbers-after-queries,0.0
minimum-number-of-operations-to-make-x-and-y-equal,longest-even-odd-subarray-with-threshold,0.0
find-the-number-of-subarrays-where-boundary-elements-are-maximum,find-all-people-with-secret,0.0
find-all-numbers-disappeared-in-an-array,defanging-an-ip-address,0.0
combination-sum-iii,removing-stars-from-a-string,0.0
tree-of-coprimes,count-asterisks,0.0
subsequence-with-the-minimum-score,find-duplicate-subtrees,0.0
basic-calculator-iv,maximum-value-after-insertion,0.0
find-champion-ii,flip-game,0.0
largest-divisible-subset,kill-process,0.0
expression-add-operators,decode-the-slanted-ciphertext,0.0
stone-game-ix,number-of-valid-clock-times,0.0
bulb-switcher,maximum-subarray-sum-with-one-deletion,0.0
best-position-for-a-service-centre,describe-the-painting,0.0
invert-binary-tree,intersection-of-three-sorted-arrays,0.0
find-the-distance-value-between-two-arrays,convert-the-temperature,0.0
repeated-string-match,generalized-abbreviation,0.0
reformat-phone-number,apply-operations-to-maximize-frequency-score,0.0
add-to-array-form-of-integer,word-pattern-ii,0.0
count-number-of-teams,cut-off-trees-for-golf-event,0.0
parsing-a-boolean-expression,number-of-boomerangs,0.0
range-frequency-queries,minimum-path-cost-in-a-grid,0.0
find-center-of-star-graph,reformat-date,0.0
minimum-moves-to-pick-k-ones,time-needed-to-inform-all-employees,0.0
number-of-corner-rectangles,most-beautiful-item-for-each-query,0.0
add-edges-to-make-degrees-of-all-nodes-even,design-movie-rental-system,0.0
find-consecutive-integers-from-a-data-stream,largest-color-value-in-a-directed-graph,0.0
regions-cut-by-slashes,sum-of-beauty-in-the-array,0.0
minimum-falling-path-sum,maximum-points-in-an-archery-competition,0.0
merge-nodes-in-between-zeros,maximum-count-of-positive-integer-and-negative-integer,0.0
design-circular-queue,number-of-recent-calls,0.0
binary-string-with-substrings-representing-1-to-n,find-all-k-distant-indices-in-an-array,0.0
diagonal-traverse,best-team-with-no-conflicts,0.0
maximum-segment-sum-after-removals,sliding-puzzle,0.0
powerful-integers,minimum-time-to-collect-all-apples-in-a-tree,0.0
design-excel-sum-formula,check-if-number-is-a-sum-of-powers-of-three,0.0
univalued-binary-tree,number-of-people-that-can-be-seen-in-a-grid,0.0
maximum-points-after-collecting-coins-from-all-nodes,find-the-smallest-divisor-given-a-threshold,0.0
max-number-of-k-sum-pairs,count-different-palindromic-subsequences,0.0
find-largest-value-in-each-tree-row,minimum-number-of-chairs-in-a-waiting-room,0.0
k-concatenation-maximum-sum,find-pattern-in-infinite-stream-i,0.0
substrings-that-begin-and-end-with-the-same-letter,lucky-numbers-in-a-matrix,0.0
minimum-deletions-to-make-string-balanced,gray-code,0.0
the-k-weakest-rows-in-a-matrix,minimum-additions-to-make-valid-string,0.0
bus-routes,remove-nodes-from-linked-list,0.0
maximum-nesting-depth-of-the-parentheses,prime-palindrome,0.0
find-all-duplicates-in-an-array,queens-that-can-attack-the-king,0.0
minimum-time-for-k-virus-variants-to-spread,linked-list-cycle,0.0
boundary-of-binary-tree,execution-of-all-suffix-instructions-staying-in-a-grid,0.0
arranging-coins,check-if-bitwise-or-has-trailing-zeros,0.0
satisfiability-of-equality-equations,minimum-operations-to-reduce-x-to-zero,0.0
thousand-separator,pizza-with-3n-slices,0.0
maximum-earnings-from-taxi,minimum-cost-to-change-the-final-value-of-expression,0.0
decode-the-slanted-ciphertext,serialize-and-deserialize-n-ary-tree,0.0
design-hashmap,minimum-relative-loss-after-buying-chocolates,0.0
can-place-flowers,faulty-keyboard,0.0
check-if-one-string-swap-can-make-strings-equal,how-many-apples-can-you-put-into-the-basket,0.0
number-of-valid-subarrays,string-compression-iii,0.0
find-score-of-an-array-after-marking-all-elements,find-all-possible-recipes-from-given-supplies,0.0
design-graph-with-shortest-path-calculator,number-of-beautiful-integers-in-the-range,0.0
closest-binary-search-tree-value-ii,second-minimum-time-to-reach-destination,0.0
maximum-sum-bst-in-binary-tree,longest-line-of-consecutive-one-in-matrix,0.0
filling-bookcase-shelves,binary-search-tree-iterator,0.0
employee-importance,sliding-subarray-beauty,0.0
next-greater-numerically-balanced-number,read-n-characters-given-read4,0.0
length-of-last-word,maximum-total-reward-using-operations-i,0.0
lowest-common-ancestor-of-a-binary-tree-iv,arithmetic-subarrays,0.0
add-two-numbers-ii,find-nearest-right-node-in-binary-tree,0.0
reverse-linked-list,closest-room,0.0
search-in-a-sorted-array-of-unknown-size,maximum-number-of-darts-inside-of-a-circular-dartboard,0.0
bitwise-and-of-numbers-range,count-the-number-of-vowel-strings-in-range,0.0
valid-permutations-for-di-sequence,first-completely-painted-row-or-column,0.0
count-number-of-teams,brace-expansion-ii,0.0
count-ways-to-build-rooms-in-an-ant-colony,valid-tic-tac-toe-state,0.0
best-position-for-a-service-centre,check-if-a-word-occurs-as-a-prefix-of-any-word-in-a-sentence,0.0
reconstruct-itinerary,reach-a-number,0.0
ipo,minimize-string-length,0.0
range-sum-query-2d-mutable,shortest-distance-to-target-color,0.0
number-of-single-divisor-triplets,find-the-distance-value-between-two-arrays,0.0
number-of-islands,basic-calculator,0.0
rotting-oranges,arithmetic-slices-ii-subsequence,0.0
find-all-anagrams-in-a-string,escape-a-large-maze,0.0
finding-the-users-active-minutes,monotone-increasing-digits,0.0
build-a-matrix-with-conditions,k-empty-slots,0.0
create-binary-tree-from-descriptions,minimum-changes-to-make-k-semi-palindromes,0.0
number-of-ways-to-build-sturdy-brick-wall,sum-of-all-subset-xor-totals,0.0
find-the-city-with-the-smallest-number-of-neighbors-at-a-threshold-distance,minimum-number-game,0.0
soup-servings,bitwise-and-of-numbers-range,0.0
count-pairs-whose-sum-is-less-than-target,find-distance-in-a-binary-tree,0.0
partition-array-according-to-given-pivot,path-with-maximum-gold,0.0
count-days-without-meetings,strings-differ-by-one-character,0.0
maximum-total-beauty-of-the-gardens,number-of-ways-to-divide-a-long-corridor,0.0
remove-all-ones-with-row-and-column-flips,deepest-leaves-sum,0.0
number-of-enclaves,count-number-of-homogenous-substrings,0.0
next-greater-element-iv,longest-univalue-path,0.0
largest-bst-subtree,maximum-number-of-intersections-on-the-chart,0.0
check-if-there-is-a-valid-partition-for-the-array,count-zero-request-servers,0.0
rectangle-overlap,delete-columns-to-make-sorted,0.0
kth-distinct-string-in-an-array,valid-parentheses,0.0
flip-binary-tree-to-match-preorder-traversal,minimum-limit-of-balls-in-a-bag,0.0
sell-diminishing-valued-colored-balls,maximize-grid-happiness,0.0
design-file-system,find-minimum-time-to-finish-all-jobs-ii,0.0
range-frequency-queries,pascals-triangle-ii,0.0
design-memory-allocator,n-th-tribonacci-number,0.0
add-bold-tag-in-string,palindromic-substrings,0.0
make-costs-of-paths-equal-in-a-binary-tree,check-if-a-string-contains-all-binary-codes-of-size-k,0.0
detect-cycles-in-2d-grid,faulty-keyboard,0.0
design-log-storage-system,spiral-matrix-iv,0.0
find-a-peak-element-ii,swapping-nodes-in-a-linked-list,0.0
find-kth-bit-in-nth-binary-string,split-with-minimum-sum,0.0
binary-tree-vertical-order-traversal,count-submatrices-with-top-left-element-and-sum-less-than-k,0.0
simplified-fractions,rectangle-overlap,0.0
maximum-number-of-events-that-can-be-attended,bricks-falling-when-hit,0.0
minimized-maximum-of-products-distributed-to-any-store,next-greater-node-in-linked-list,0.0
sort-colors,number-of-nodes-in-the-sub-tree-with-the-same-label,0.0
design-video-sharing-platform,snapshot-array,0.0
maximum-value-of-an-ordered-triplet-i,univalued-binary-tree,0.0
modify-the-matrix,path-crossing,0.0
convert-a-number-to-hexadecimal,spiral-matrix,0.0
best-time-to-buy-and-sell-stock,powx-n,0.0
find-eventual-safe-states,count-the-number-of-special-characters-ii,0.0
valid-word-abbreviation,maximum-subarray-min-product,0.0
design-bitset,get-biggest-three-rhombus-sums-in-a-grid,0.0
sum-of-total-strength-of-wizards,sum-of-left-leaves,0.0
delete-duplicate-folders-in-system,partition-string-into-minimum-beautiful-substrings,0.0
rotate-array,decode-the-slanted-ciphertext,0.0
paths-in-matrix-whose-sum-is-divisible-by-k,reverse-string,0.0
jump-game-v,count-operations-to-obtain-zero,0.0
number-of-recent-calls,count-words-obtained-after-adding-a-letter,0.0
russian-doll-envelopes,linked-list-components,0.0
apply-operations-to-maximize-score,guess-the-word,0.0
valid-word,all-paths-from-source-lead-to-destination,0.0
validate-binary-search-tree,maximum-bags-with-full-capacity-of-rocks,0.0
count-anagrams,binary-tree-coloring-game,0.0
largest-combination-with-bitwise-and-greater-than-zero,soup-servings,0.0
integer-break,boundary-of-binary-tree,0.0
find-all-possible-recipes-from-given-supplies,house-robber,0.0
minimum-time-to-revert-word-to-initial-state-i,consecutive-numbers-sum,0.0
remove-max-number-of-edges-to-keep-graph-fully-traversable,product-of-two-run-length-encoded-arrays,0.0
minimum-space-wasted-from-packaging,group-the-people-given-the-group-size-they-belong-to,0.0
design-file-system,swap-for-longest-repeated-character-substring,0.0
minimum-number-of-work-sessions-to-finish-the-tasks,can-convert-string-in-k-moves,0.0
number-of-distinct-substrings-in-a-string,maximum-points-you-can-obtain-from-cards,0.0
minimum-garden-perimeter-to-collect-enough-apples,subdomain-visit-count,0.0
subarrays-with-k-different-integers,grid-illumination,0.0
student-attendance-record-ii,partition-array-such-that-maximum-difference-is-k,0.0
find-building-where-alice-and-bob-can-meet,accounts-merge,0.0
flatten-2d-vector,the-number-of-full-rounds-you-have-played,0.0
booking-concert-tickets-in-groups,maximum-sum-bst-in-binary-tree,0.0
can-place-flowers,count-common-words-with-one-occurrence,0.0
greatest-english-letter-in-upper-and-lower-case,reverse-linked-list-ii,0.0
first-completely-painted-row-or-column,number-of-unique-categories,0.0
flipping-an-image,count-of-sub-multisets-with-bounded-sum,0.0
maximum-number-of-achievable-transfer-requests,maximum-nesting-depth-of-two-valid-parentheses-strings,0.0
find-pattern-in-infinite-stream-ii,substring-xor-queries,0.0
champagne-tower,count-of-integers,0.0
longest-consecutive-sequence,put-boxes-into-the-warehouse-i,0.0
simplified-fractions,flatten-2d-vector,0.0
maximum-odd-binary-number,distinct-numbers-in-each-subarray,0.0
count-distinct-numbers-on-board,minimum-absolute-difference-in-bst,0.0
find-elements-in-a-contaminated-binary-tree,lexicographically-smallest-string-after-applying-operations,0.0
walking-robot-simulation-ii,happy-number,0.0
bold-words-in-string,longest-alternating-subarray,0.0
flatten-a-multilevel-doubly-linked-list,longest-line-of-consecutive-one-in-matrix,0.0
kth-smallest-subarray-sum,word-ladder,0.0
substrings-of-size-three-with-distinct-characters,minimum-moves-to-reach-target-with-rotations,0.0
maximum-average-subarray-i,spiral-matrix-iii,0.0
find-the-maximum-number-of-marked-indices,longest-happy-prefix,0.0
minimum-operations-to-make-the-array-alternating,find-and-replace-in-string,0.0
encode-n-ary-tree-to-binary-tree,reverse-nodes-in-even-length-groups,0.0
number-of-possible-sets-of-closing-branches,digit-count-in-range,0.0
maximum-swap,convert-1d-array-into-2d-array,0.0
print-in-order,minimum-size-subarray-sum,0.0
minimum-cost-tree-from-leaf-values,design-bounded-blocking-queue,0.0
maximum-gcd-sum-of-a-subarray,display-table-of-food-orders-in-a-restaurant,0.0
design-graph-with-shortest-path-calculator,meeting-rooms-ii,0.0
intersection-of-multiple-arrays,lexicographically-minimum-string-after-removing-stars,0.0
reconstruct-a-2-row-binary-matrix,tuple-with-same-product,0.0
inorder-successor-in-bst-ii,categorize-box-according-to-criteria,0.0
maximum-compatibility-score-sum,valid-word,0.0
count-houses-in-a-circular-street-ii,maximum-alternating-subarray-sum,0.0
design-a-leaderboard,serialize-and-deserialize-n-ary-tree,0.0
transform-to-chessboard,best-position-for-a-service-centre,0.0
maximum-score-of-a-good-subarray,count-all-valid-pickup-and-delivery-options,0.0
range-sum-of-bst,degree-of-an-array,0.0
employee-importance,apply-bitwise-operations-to-make-strings-equal,0.0
palindrome-permutation,n-ary-tree-level-order-traversal,0.0
minimum-total-distance-traveled,maximize-number-of-subsequences-in-a-string,0.0
finding-pairs-with-a-certain-sum,delete-greatest-value-in-each-row,0.0
insert-interval,jump-game-vi,0.0
check-if-number-is-a-sum-of-powers-of-three,all-oone-data-structure,0.0
step-by-step-directions-from-a-binary-tree-node-to-another,equal-sum-arrays-with-minimum-number-of-operations,0.0
elements-in-array-after-removing-and-replacing-elements,maximum-good-people-based-on-statements,0.0
pizza-with-3n-slices,minimize-string-length,0.0
maximum-number-of-balls-in-a-box,maximum-total-reward-using-operations-i,0.0
find-nearest-right-node-in-binary-tree,maximum-element-after-decreasing-and-rearranging,0.0
power-of-two,maximum-product-subarray,0.0
subtract-the-product-and-sum-of-digits-of-an-integer,range-sum-query-mutable,0.0
brace-expansion,check-if-array-is-sorted-and-rotated,0.0
make-a-square-with-the-same-color,factor-combinations,0.0
insert-into-a-sorted-circular-linked-list,stock-price-fluctuation,0.0
find-longest-awesome-substring,shortest-path-in-binary-matrix,0.0
remove-letter-to-equalize-frequency,find-shortest-path-with-k-hops,0.0
reverse-nodes-in-k-group,uncrossed-lines,0.0
reformat-date,fruit-into-baskets,0.0
count-houses-in-a-circular-street-ii,minimum-difference-between-highest-and-lowest-of-k-scores,0.0
most-profitable-path-in-a-tree,valid-mountain-array,0.0
valid-arrangement-of-pairs,find-distance-in-a-binary-tree,0.0
maximum-deletions-on-a-string,best-poker-hand,0.0
maximum-width-ramp,basic-calculator-iv,0.0
the-employee-that-worked-on-the-longest-task,bus-routes,0.0
valid-palindrome,minimum-unique-word-abbreviation,0.0
digit-count-in-range,find-edges-in-shortest-paths,0.0
maximum-sum-of-3-non-overlapping-subarrays,existence-of-a-substring-in-a-string-and-its-reverse,0.0
maximum-rows-covered-by-columns,count-the-number-of-good-subarrays,0.0
check-if-string-is-transformable-with-substring-sort-operations,maximum-size-subarray-sum-equals-k,0.0
unique-word-abbreviation,operations-on-tree,0.0
construct-binary-tree-from-inorder-and-postorder-traversal,alert-using-same-key-card-three-or-more-times-in-a-one-hour-period,0.0
find-minimum-time-to-finish-all-jobs,happy-number,0.0
nested-list-weight-sum,positions-of-large-groups,0.0
finding-the-number-of-visible-mountains,top-k-frequent-words,0.0
binary-watch,paths-in-maze-that-lead-to-same-room,0.0
second-minimum-time-to-reach-destination,spiral-matrix-iii,0.0
lru-cache,maximum-number-that-sum-of-the-prices-is-less-than-or-equal-to-k,0.0
number-of-ways-to-build-sturdy-brick-wall,design-twitter,0.0
count-and-say,meeting-rooms-ii,0.0
minimum-difficulty-of-a-job-schedule,car-fleet-ii,0.0
finding-3-digit-even-numbers,toss-strange-coins,0.0
deepest-leaves-sum,matrix-cells-in-distance-order,0.0
number-of-different-subsequences-gcds,find-all-possible-recipes-from-given-supplies,0.0
number-of-valid-move-combinations-on-chessboard,beautiful-array,0.0
sqrtx,reverse-substrings-between-each-pair-of-parentheses,0.0
check-if-string-is-transformable-with-substring-sort-operations,inorder-successor-in-bst-ii,0.0
stream-of-characters,binary-search-tree-iterator,0.0
winner-of-the-linked-list-game,points-that-intersect-with-cars,0.0
univalued-binary-tree,check-whether-two-strings-are-almost-equivalent,0.0
find-the-grid-of-region-average,maximum-subarray-min-product,0.0
maximum-number-of-removable-characters,distribute-candies-to-people,0.0
equal-sum-arrays-with-minimum-number-of-operations,complete-binary-tree-inserter,0.0
minimum-cost-to-set-cooking-time,path-sum-iii,0.0
all-paths-from-source-lead-to-destination,squares-of-a-sorted-array,0.0
minimum-degree-of-a-connected-trio-in-a-graph,maximum-distance-in-arrays,0.0
design-file-system,day-of-the-year,0.0
remove-invalid-parentheses,swim-in-rising-water,0.0
using-a-robot-to-print-the-lexicographically-smallest-string,trapping-rain-water,0.0
sum-game,maximum-number-of-groups-getting-fresh-donuts,0.0
find-k-th-smallest-pair-distance,number-of-distinct-islands-ii,0.0
longest-common-suffix-queries,sum-of-values-at-indices-with-k-set-bits,0.0
number-of-good-leaf-nodes-pairs,friends-of-appropriate-ages,0.0
minimum-relative-loss-after-buying-chocolates,bold-words-in-string,0.0
count-the-number-of-complete-components,minimum-time-to-kill-all-monsters,0.0
determine-if-two-strings-are-close,total-cost-to-hire-k-workers,0.0
minimum-distance-between-bst-nodes,maximum-product-of-the-length-of-two-palindromic-subsequences,0.0
make-the-string-great,design-authentication-manager,0.0
longest-substring-without-repeating-characters,minimize-or-of-remaining-elements-using-operations,0.0
reverse-vowels-of-a-string,number-of-ways-to-paint-n-3-grid,0.0
reachable-nodes-in-subdivided-graph,moving-stones-until-consecutive,0.0
number-of-ways-to-rearrange-sticks-with-k-sticks-visible,rotting-oranges,0.0
rotate-list,remove-adjacent-almost-equal-characters,0.0
check-if-array-pairs-are-divisible-by-k,find-number-of-coins-to-place-in-tree-nodes,0.0
ternary-expression-parser,delete-duplicate-folders-in-system,0.0
find-the-grid-of-region-average,find-the-number-of-ways-to-place-people-ii,0.0
find-the-derangement-of-an-array,the-k-strongest-values-in-an-array,0.0
fair-distribution-of-cookies,range-sum-query-2d-mutable,0.0
pacific-atlantic-water-flow,evaluate-boolean-binary-tree,0.0
maximum-product-of-three-numbers,design-an-ordered-stream,0.0
sum-of-subsequence-widths,construct-string-with-repeat-limit,0.0
count-subarrays-with-median-k,path-with-maximum-probability,0.0
largest-merge-of-two-strings,minimum-cost-to-change-the-final-value-of-expression,0.0
range-sum-query-2d-mutable,number-of-possible-sets-of-closing-branches,0.0
search-suggestions-system,number-of-divisible-triplet-sums,0.0
find-array-given-subset-sums,jump-game-iv,0.0
the-number-of-the-smallest-unoccupied-chair,rotate-image,0.0
minimum-flips-to-make-a-or-b-equal-to-c,maximum-spending-after-buying-items,0.0
find-beautiful-indices-in-the-given-array-i,happy-number,0.0
rank-transform-of-a-matrix,closest-subsequence-sum,0.0
guess-the-word,design-an-ordered-stream,0.0
bricks-falling-when-hit,shortest-word-distance,0.0
maximum-number-of-consecutive-values-you-can-make,lonely-pixel-i,0.0
knight-probability-in-chessboard,find-in-mountain-array,0.0
implement-magic-dictionary,strong-password-checker,0.0
minimize-maximum-pair-sum-in-array,count-unguarded-cells-in-the-grid,0.0
rectangle-area-ii,escape-the-ghosts,0.0
reverse-nodes-in-k-group,minimum-insertions-to-balance-a-parentheses-string,0.0
find-all-people-with-secret,maximum-number-of-balloons,0.0
max-difference-you-can-get-from-changing-an-integer,delete-nodes-and-return-forest,0.0
binary-tree-paths,append-characters-to-string-to-make-subsequence,0.0
redundant-connection-ii,length-of-longest-subarray-with-at-most-k-frequency,0.0
paint-house-ii,find-beautiful-indices-in-the-given-array-ii,0.0
modify-the-matrix,find-the-index-of-permutation,0.0
rearrange-spaces-between-words,making-file-names-unique,0.0
string-to-integer-atoi,replace-words,0.0
count-collisions-on-a-road,average-of-levels-in-binary-tree,0.0
range-sum-of-bst,sell-diminishing-valued-colored-balls,0.0
split-array-into-fibonacci-sequence,top-k-frequent-elements,0.0
check-if-a-string-is-a-valid-sequence-from-root-to-leaves-path-in-a-binary-tree,number-of-visible-people-in-a-queue,0.0
partition-labels,clone-n-ary-tree,0.0
longest-mountain-in-array,design-an-expression-tree-with-evaluate-function,0.0
evaluate-division,minimum-number-of-flips-to-make-the-binary-string-alternating,0.0
strings-differ-by-one-character,binary-tree-level-order-traversal,0.0
number-of-pairs-satisfying-inequality,heaters,0.0
remove-element,minimum-number-of-people-to-teach,0.0
count-prefixes-of-a-given-string,set-mismatch,0.0
adding-two-negabinary-numbers,minimum-penalty-for-a-shop,0.0
maximum-number-of-occurrences-of-a-substring,find-the-k-or-of-an-array,0.0
check-if-move-is-legal,minimum-time-for-k-virus-variants-to-spread,0.0
serialize-and-deserialize-bst,merge-similar-items,0.0
categorize-box-according-to-criteria,numbers-at-most-n-given-digit-set,0.0
freedom-trail,day-of-the-week,0.0
maximum-points-after-collecting-coins-from-all-nodes,factorial-trailing-zeroes,0.0
flip-string-to-monotone-increasing,binary-search-tree-iterator-ii,0.0
evaluate-boolean-binary-tree,maximum-number-of-moves-in-a-grid,0.0
n-ary-tree-preorder-traversal,keep-multiplying-found-values-by-two,0.0
count-nice-pairs-in-an-array,minimum-remove-to-make-valid-parentheses,0.0
number-of-ways-to-separate-numbers,subarray-with-elements-greater-than-varying-threshold,0.0
sliding-window-maximum,as-far-from-land-as-possible,0.0
zuma-game,distant-barcodes,0.0
check-if-number-has-equal-digit-count-and-digit-value,squirrel-simulation,0.0
frog-jump,rotate-array,0.0
number-of-distinct-islands-ii,maximum-nesting-depth-of-the-parentheses,0.0
symmetric-tree,average-waiting-time,0.0
number-of-arithmetic-triplets,check-if-there-is-a-valid-parentheses-string-path,0.0
make-array-non-decreasing-or-non-increasing,design-parking-system,0.0
design-circular-deque,minimum-time-to-eat-all-grains,0.0
snapshot-array,distribute-candies-among-children-iii,0.0
maximum-of-absolute-value-expression,prefix-and-suffix-search,0.0
minimum-amount-of-time-to-fill-cups,armstrong-number,0.0
count-largest-group,combinations,0.0
subsequence-of-size-k-with-the-largest-even-sum,brace-expansion-ii,0.0
find-the-difference,invert-binary-tree,0.0
divide-intervals-into-minimum-number-of-groups,lexicographical-numbers,0.0
check-distances-between-same-letters,find-kth-largest-xor-coordinate-value,0.0
maximum-cost-of-trip-with-k-highways,minimum-recolors-to-get-k-consecutive-black-blocks,0.0
bitwise-or-of-adjacent-elements,merge-k-sorted-lists,0.0
maximum-students-taking-exam,mean-of-array-after-removing-some-elements,0.0
random-flip-matrix,number-of-matching-subsequences,0.0
richest-customer-wealth,calculate-digit-sum-of-a-string,0.0
number-of-valid-words-for-each-puzzle,minimum-absolute-difference-queries,0.0
minimizing-array-after-replacing-pairs-with-their-product,palindrome-number,0.0
make-array-zero-by-subtracting-equal-amounts,count-items-matching-a-rule,0.0
best-poker-hand,count-valid-paths-in-a-tree,0.0
number-of-ways-to-reorder-array-to-get-same-bst,calculate-delayed-arrival-time,0.0
redundant-connection-ii,destroying-asteroids,0.0
gcd-sort-of-an-array,add-two-numbers,0.0
remove-invalid-parentheses,longest-palindrome,0.0
find-all-lonely-numbers-in-the-array,number-of-strings-that-appear-as-substrings-in-word,0.0
missing-ranges,diameter-of-binary-tree,0.0
replace-all-s-to-avoid-consecutive-repeating-characters,remove-duplicates-from-an-unsorted-linked-list,0.0
remove-all-adjacent-duplicates-in-string,n-th-tribonacci-number,0.0
process-tasks-using-servers,largest-time-for-given-digits,0.0
tiling-a-rectangle-with-the-fewest-squares,smallest-string-starting-from-leaf,0.0
longest-zigzag-path-in-a-binary-tree,count-the-number-of-good-subarrays,0.0
largest-subarray-length-k,maximum-total-reward-using-operations-ii,0.0
word-search-ii,number-of-days-between-two-dates,0.0
can-place-flowers,simplify-path,0.0
design-bounded-blocking-queue,word-search,0.0
number-complement,string-transformation,0.0
count-good-nodes-in-binary-tree,design-front-middle-back-queue,0.0
number-of-subarrays-with-gcd-equal-to-k,symmetric-tree,0.0
find-n-unique-integers-sum-up-to-zero,merge-two-binary-trees,0.0
lowest-common-ancestor-of-a-binary-search-tree,longest-even-odd-subarray-with-threshold,0.0
height-of-special-binary-tree,replace-all-s-to-avoid-consecutive-repeating-characters,0.0
check-if-the-number-is-fascinating,utf-8-validation,0.0
count-visited-nodes-in-a-directed-graph,next-closest-time,0.0
construct-binary-tree-from-string,maximum-number-of-non-overlapping-substrings,0.0
shortest-path-in-a-hidden-grid,design-linked-list,0.0
leaf-similar-trees,check-if-a-parentheses-string-can-be-valid,0.0
count-all-possible-routes,minimum-index-sum-of-two-lists,0.0
longest-uploaded-prefix,kids-with-the-greatest-number-of-candies,0.0
kth-smallest-subarray-sum,high-five,0.0
linked-list-cycle,traffic-light-controlled-intersection,0.0
frequency-tracker,ugly-number,0.0
shifting-letters-ii,largest-values-from-labels,0.0
closest-node-to-path-in-tree,splitting-a-string-into-descending-consecutive-values,0.0
construct-binary-tree-from-string,n-th-tribonacci-number,0.0
detonate-the-maximum-bombs,determine-the-minimum-sum-of-a-k-avoiding-array,0.0
maximum-sum-of-3-non-overlapping-subarrays,serialize-and-deserialize-bst,0.0
maximum-of-minimum-values-in-all-subarrays,count-substrings-starting-and-ending-with-given-character,0.0
partition-equal-subset-sum,n-ary-tree-postorder-traversal,0.0
largest-number-after-mutating-substring,remove-duplicates-from-sorted-list,0.0
fraction-to-recurring-decimal,unique-morse-code-words,0.0
bulb-switcher,count-the-number-of-consistent-strings,0.0
best-position-for-a-service-centre,shuffle-the-array,0.0
number-of-islands-ii,find-indices-with-index-and-value-difference-ii,0.0
minimum-time-to-visit-a-cell-in-a-grid,check-if-a-string-can-break-another-string,0.0
count-visited-nodes-in-a-directed-graph,split-with-minimum-sum,0.0
count-the-number-of-complete-components,minimum-number-of-work-sessions-to-finish-the-tasks,0.0
excel-sheet-column-title,find-the-number-of-ways-to-place-people-ii,0.0
find-the-index-of-the-large-integer,maximum-total-importance-of-roads,0.0
time-needed-to-buy-tickets,maximum-segment-sum-after-removals,0.0
watering-plants,create-maximum-number,0.0
sum-of-square-numbers,russian-doll-envelopes,0.0
all-elements-in-two-binary-search-trees,leftmost-column-with-at-least-a-one,0.0
minimum-subarrays-in-a-valid-split,detect-capital,0.0
count-the-number-of-houses-at-a-certain-distance-i,next-closest-time,0.0
count-nodes-that-are-great-enough,two-sum,0.0
split-a-circular-linked-list,create-sorted-array-through-instructions,0.0
delete-node-in-a-linked-list,fizz-buzz-multithreaded,0.0
map-sum-pairs,design-linked-list,0.0
find-the-derangement-of-an-array,seat-reservation-manager,0.0
find-longest-special-substring-that-occurs-thrice-i,paint-house-iii,0.0
encode-and-decode-tinyurl,separate-black-and-white-balls,0.0
queries-on-number-of-points-inside-a-circle,the-time-when-the-network-becomes-idle,0.0
synonymous-sentences,rabbits-in-forest,0.0
frog-jump,delete-leaves-with-a-given-value,0.0
maximum-number-of-tasks-you-can-assign,palindrome-partitioning-iii,0.0
find-all-possible-stable-binary-arrays-i,largest-odd-number-in-string,0.0
height-checker,remove-trailing-zeros-from-a-string,0.0
design-a-food-rating-system,most-expensive-item-that-can-not-be-bought,0.0
element-appearing-more-than-25-in-sorted-array,minimum-edge-reversals-so-every-node-is-reachable,0.0
paths-in-maze-that-lead-to-same-room,make-array-non-decreasing-or-non-increasing,0.0
rotate-list,final-value-of-variable-after-performing-operations,0.0
bitwise-and-of-numbers-range,my-calendar-i,0.0
kth-distinct-string-in-an-array,stone-game-ix,0.0
find-array-given-subset-sums,painting-the-walls,0.0
sum-in-a-matrix,merge-k-sorted-lists,0.0
number-of-ways-to-earn-points,smallest-missing-genetic-value-in-each-subtree,0.0
remove-stones-to-minimize-the-total,walls-and-gates,0.0
max-chunks-to-make-sorted,match-alphanumerical-pattern-in-matrix-i,0.0
shortest-subarray-with-sum-at-least-k,minimum-number-of-chairs-in-a-waiting-room,0.0
generate-random-point-in-a-circle,watering-plants,0.0
number-of-different-integers-in-a-string,find-servers-that-handled-most-number-of-requests,0.0
count-symmetric-integers,kth-largest-element-in-an-array,0.0
build-array-where-you-can-find-the-maximum-exactly-k-comparisons,similar-string-groups,0.0
transpose-matrix,remove-all-adjacent-duplicates-in-string-ii,0.0
faulty-sensor,jump-game-iv,0.0
account-balance-after-rounded-purchase,maximum-number-of-alloys,0.0
smallest-missing-genetic-value-in-each-subtree,merge-strings-alternately,0.0
fibonacci-number,find-elements-in-a-contaminated-binary-tree,0.0
maximum-xor-of-two-numbers-in-an-array,count-the-number-of-ideal-arrays,0.0
minimum-moves-to-capture-the-queen,number-of-segments-in-a-string,0.0
count-the-number-of-consistent-strings,frequency-of-the-most-frequent-element,0.0
number-of-burgers-with-no-waste-of-ingredients,string-transforms-into-another-string,0.0
design-movie-rental-system,video-stitching,0.0
circle-and-rectangle-overlapping,maximum-score-after-applying-operations-on-a-tree,0.0
maximum-rows-covered-by-columns,validate-binary-search-tree,0.0
sort-colors,strobogrammatic-number-ii,0.0
convert-a-number-to-hexadecimal,number-of-valid-move-combinations-on-chessboard,0.0
check-if-two-expression-trees-are-equivalent,subarray-sums-divisible-by-k,0.0
guess-number-higher-or-lower-ii,find-array-given-subset-sums,0.0
make-sum-divisible-by-p,decode-xored-array,0.0
bitwise-or-of-adjacent-elements,minimum-time-to-collect-all-apples-in-a-tree,0.0
a-number-after-a-double-reversal,maximum-sum-of-two-non-overlapping-subarrays,0.0
shortest-palindrome,add-bold-tag-in-string,0.0
remove-sub-folders-from-the-filesystem,ambiguous-coordinates,0.0
reformat-phone-number,range-sum-query-2d-immutable,0.0
count-stepping-numbers-in-range,find-minimum-in-rotated-sorted-array-ii,0.0
count-subarrays-with-median-k,number-of-orders-in-the-backlog,0.0
stone-game-ii,kth-distinct-string-in-an-array,0.0
print-binary-tree,determine-whether-matrix-can-be-obtained-by-rotation,0.0
minimum-cuts-to-divide-a-circle,max-chunks-to-make-sorted-ii,0.0
maximum-employees-to-be-invited-to-a-meeting,strobogrammatic-number-ii,0.0
create-target-array-in-the-given-order,game-of-nim,0.0
sum-of-imbalance-numbers-of-all-subarrays,escape-the-ghosts,0.0
stone-game,fizz-buzz-multithreaded,0.0
minimum-moves-to-make-array-complementary,verbal-arithmetic-puzzle,0.0
split-message-based-on-limit,the-earliest-moment-when-everyone-become-friends,0.0
leaf-similar-trees,best-meeting-point,0.0
count-good-nodes-in-binary-tree,max-chunks-to-make-sorted,0.0
check-if-the-sentence-is-pangram,number-of-beautiful-integers-in-the-range,0.0
course-schedule-ii,sort-colors,0.0
snapshot-array,special-binary-string,0.0
sum-of-numbers-with-units-digit-k,invalid-transactions,0.0
concatenation-of-array,count-fertile-pyramids-in-a-land,0.0
maximum-score-from-removing-stones,mini-parser,0.0
remove-all-occurrences-of-a-substring,day-of-the-week,0.0
minimize-string-length,maximize-area-of-square-hole-in-grid,0.0
neighboring-bitwise-xor,valid-word,0.0
count-complete-substrings,course-schedule-iv,0.0
reduce-array-size-to-the-half,minimum-one-bit-operations-to-make-integers-zero,0.0
shortest-word-distance,paths-in-matrix-whose-sum-is-divisible-by-k,0.0
maximum-score-from-removing-substrings,reconstruct-itinerary,0.0
maximum-candies-allocated-to-k-children,binary-tree-longest-consecutive-sequence-ii,0.0
design-in-memory-file-system,string-transformation,0.0
increment-submatrices-by-one,find-the-child-who-has-the-ball-after-k-seconds,0.0
burst-balloons,second-minimum-node-in-a-binary-tree,0.0
sort-an-array,min-cost-to-connect-all-points,0.0
replace-non-coprime-numbers-in-array,moving-average-from-data-stream,0.0
number-of-islands-ii,generate-parentheses,0.0
check-if-a-string-is-a-valid-sequence-from-root-to-leaves-path-in-a-binary-tree,minimum-time-to-remove-all-cars-containing-illegal-goods,0.0
minimum-number-of-operations-to-sort-a-binary-tree-by-level,capacity-to-ship-packages-within-d-days,0.0
count-number-of-texts,lru-cache,0.0
implement-queue-using-stacks,minimum-number-of-operations-to-make-all-array-elements-equal-to-1,0.0
univalued-binary-tree,minimum-cost-to-split-an-array,0.0
count-ways-to-make-array-with-product,remove-zero-sum-consecutive-nodes-from-linked-list,0.0
adding-spaces-to-a-string,minimum-subarrays-in-a-valid-split,0.0
occurrences-after-bigram,three-consecutive-odds,0.0
find-duplicate-subtrees,put-boxes-into-the-warehouse-i,0.0
sum-in-a-matrix,count-unique-characters-of-all-substrings-of-a-given-string,0.0
delete-operation-for-two-strings,3sum-closest,0.0
word-ladder-ii,tag-validator,0.0
rank-transform-of-a-matrix,categorize-box-according-to-criteria,0.0
design-hit-counter,invert-binary-tree,0.0
count-triplets-that-can-form-two-arrays-of-equal-xor,amount-of-new-area-painted-each-day,0.0
add-two-polynomials-represented-as-linked-lists,maximum-candies-you-can-get-from-boxes,0.0
number-of-operations-to-make-network-connected,sum-of-imbalance-numbers-of-all-subarrays,0.0
set-mismatch,count-the-number-of-ideal-arrays,0.0
smallest-string-starting-from-leaf,number-of-longest-increasing-subsequence,0.0
3sum-smaller,design-movie-rental-system,0.0
reach-a-number,find-the-most-competitive-subsequence,0.0
regions-cut-by-slashes,calculate-digit-sum-of-a-string,0.0
get-biggest-three-rhombus-sums-in-a-grid,word-search,0.0
rank-transform-of-a-matrix,find-the-maximum-number-of-marked-indices,0.0
cinema-seat-allocation,find-the-minimum-and-maximum-number-of-nodes-between-critical-points,0.0
leftmost-column-with-at-least-a-one,subarray-sum-equals-k,0.0
check-if-number-has-equal-digit-count-and-digit-value,minimum-cost-to-make-array-equal,0.0
ugly-number-ii,the-skyline-problem,0.0
longest-substring-of-one-repeating-character,time-taken-to-cross-the-door,0.0
invert-binary-tree,find-minimum-time-to-finish-all-jobs-ii,0.0
number-of-segments-in-a-string,solve-the-equation,0.0
process-tasks-using-servers,find-resultant-array-after-removing-anagrams,0.0
maximum-erasure-value,design-browser-history,0.0
distinct-echo-substrings,mini-parser,0.0
flood-fill,online-majority-element-in-subarray,0.0
closest-subsequence-sum,h-index-ii,0.0
evaluate-the-bracket-pairs-of-a-string,design-memory-allocator,0.0
valid-triangle-number,first-unique-number,0.0
merge-intervals,can-make-palindrome-from-substring,0.0
sum-of-absolute-differences-in-a-sorted-array,separate-black-and-white-balls,0.0
vowels-of-all-substrings,count-equal-and-divisible-pairs-in-an-array,0.0
smallest-k-length-subsequence-with-occurrences-of-a-letter,closest-leaf-in-a-binary-tree,0.0
max-area-of-island,fraction-addition-and-subtraction,0.0
find-greatest-common-divisor-of-array,the-earliest-and-latest-rounds-where-players-compete,0.0
valid-parentheses,shortest-distance-to-target-color,0.0
power-of-heroes,correct-a-binary-tree,0.0
k-similar-strings,design-circular-deque,0.0
implement-trie-prefix-tree,replace-all-digits-with-characters,0.0
minimum-add-to-make-parentheses-valid,minimum-operations-to-make-a-uni-value-grid,0.0
uncommon-words-from-two-sentences,longest-increasing-subsequence-ii,0.0
course-schedule-iii,maximum-difference-between-node-and-ancestor,0.0
maximum-length-of-a-concatenated-string-with-unique-characters,kth-missing-positive-number,0.0
guess-the-number-using-bitwise-questions-ii,number-of-distinct-roll-sequences,0.0
smallest-sufficient-team,two-sum-iii-data-structure-design,0.0
partition-labels,minimum-falling-path-sum-ii,0.0
generate-a-string-with-characters-that-have-odd-counts,count-number-of-teams,0.0
query-kth-smallest-trimmed-number,mini-parser,0.0
where-will-the-ball-fall,design-video-sharing-platform,0.0
sum-of-mutated-array-closest-to-target,first-day-where-you-have-been-in-all-the-rooms,0.0
sum-of-numbers-with-units-digit-k,frequency-tracker,0.0
count-sorted-vowel-strings,find-minimum-in-rotated-sorted-array-ii,0.0
find-the-minimum-and-maximum-number-of-nodes-between-critical-points,special-binary-string,0.0
number-of-subarrays-with-lcm-equal-to-k,repeated-substring-pattern,0.0
handshakes-that-dont-cross,teemo-attacking,0.0
maximum-binary-string-after-change,remove-duplicates-from-an-unsorted-linked-list,0.0
find-number-of-ways-to-reach-the-k-th-stair,smallest-string-with-swaps,0.0
delete-characters-to-make-fancy-string,maximum-distance-between-a-pair-of-values,0.0
maximal-network-rank,sum-of-digits-in-the-minimum-number,0.0
odd-even-jump,super-pow,0.0
maximum-absolute-sum-of-any-subarray,hexspeak,0.0
find-the-longest-substring-containing-vowels-in-even-counts,complex-number-multiplication,0.0
closest-prime-numbers-in-range,count-the-number-of-good-subarrays,0.0
minimum-addition-to-make-integer-beautiful,paint-house-ii,0.0
leftmost-column-with-at-least-a-one,adding-spaces-to-a-string,0.0
count-the-number-of-special-characters-i,minimizing-array-after-replacing-pairs-with-their-product,0.0
couples-holding-hands,minimum-amount-of-time-to-collect-garbage,0.0
check-if-word-can-be-placed-in-crossword,data-stream-as-disjoint-intervals,0.0
count-artifacts-that-can-be-extracted,optimal-account-balancing,0.0
reveal-cards-in-increasing-order,number-of-ways-to-reach-destination-in-the-grid,0.0
satisfiability-of-equality-equations,check-if-all-1s-are-at-least-length-k-places-away,0.0
minimum-cost-to-hire-k-workers,maximum-length-of-repeated-subarray,0.0
lonely-pixel-ii,minimize-rounding-error-to-meet-target,0.0
minimum-cost-to-convert-string-ii,cousins-in-binary-tree,0.0
convert-1d-array-into-2d-array,sort-the-people,0.0
minimum-moves-to-convert-string,count-nodes-equal-to-average-of-subtree,0.0
escape-the-ghosts,design-twitter,0.0
sum-of-scores-of-built-strings,checking-existence-of-edge-length-limited-paths,0.0
smallest-subtree-with-all-the-deepest-nodes,make-k-subarray-sums-equal,0.0
tweet-counts-per-frequency,number-of-islands,0.0
remove-trailing-zeros-from-a-string,majority-element-ii,0.0
maximum-gap,word-squares,0.0
minimum-increment-to-make-array-unique,string-transformation,0.0
is-subsequence,closest-binary-search-tree-value-ii,0.0
maximize-the-number-of-partitions-after-operations,watering-plants-ii,0.0
average-salary-excluding-the-minimum-and-maximum-salary,longest-palindromic-substring,0.0
k-diff-pairs-in-an-array,number-of-burgers-with-no-waste-of-ingredients,0.0
find-peak-element,substring-xor-queries,0.0
high-access-employees,self-dividing-numbers,0.0
remove-nth-node-from-end-of-list,lexicographically-smallest-palindrome,0.0
simplified-fractions,same-tree,0.0
design-sql,escape-the-spreading-fire,0.0
number-of-students-unable-to-eat-lunch,ternary-expression-parser,0.0
count-words-obtained-after-adding-a-letter,largest-color-value-in-a-directed-graph,0.0
number-of-beautiful-integers-in-the-range,merge-two-binary-trees,0.0
random-point-in-non-overlapping-rectangles,maximum-employees-to-be-invited-to-a-meeting,0.0
count-collisions-on-a-road,minimum-number-of-operations-to-make-arrays-similar,0.0
count-substrings-starting-and-ending-with-given-character,maximum-width-of-binary-tree,0.0
minimum-moves-to-move-a-box-to-their-target-location,number-of-smooth-descent-periods-of-a-stock,0.0
expressive-words,partition-array-into-two-arrays-to-minimize-sum-difference,0.0
projection-area-of-3d-shapes,minimum-score-by-changing-two-elements,0.0
sort-the-people,cracking-the-safe,0.0
maximum-hamming-distances,count-number-of-homogenous-substrings,0.0
delete-node-in-a-linked-list,132-pattern,0.0
moving-stones-until-consecutive-ii,redundant-connection,0.0
convert-sorted-list-to-binary-search-tree,island-perimeter,0.0
length-of-last-word,campus-bikes,0.0
construct-the-longest-new-string,count-stepping-numbers-in-range,0.0
print-binary-tree,check-whether-two-strings-are-almost-equivalent,0.0
check-if-there-is-a-valid-partition-for-the-array,longest-substring-with-at-most-k-distinct-characters,0.0
maximum-absolute-sum-of-any-subarray,kth-distinct-string-in-an-array,0.0
find-all-groups-of-farmland,rank-transform-of-an-array,0.0
count-pairs-of-equal-substrings-with-minimum-difference,find-the-derangement-of-an-array,0.0
minimum-number-of-coins-for-fruits,implement-magic-dictionary,0.0
buildings-with-an-ocean-view,longest-duplicate-substring,0.0
minimum-deletions-to-make-character-frequencies-unique,coin-change,0.0
check-if-string-is-a-prefix-of-array,employee-free-time,0.0
sum-of-digits-in-base-k,next-greater-element-i,0.0
expression-add-operators,maximum-product-subarray,0.0
linked-list-random-node,next-permutation,0.0
number-of-beautiful-pairs,linked-list-cycle-ii,0.0
zigzag-conversion,maximum-number-of-points-with-cost,0.0
matchsticks-to-square,squares-of-a-sorted-array,0.0
new-21-game,shortest-subarray-to-be-removed-to-make-array-sorted,0.0
ternary-expression-parser,minimum-increment-operations-to-make-array-beautiful,0.0
swim-in-rising-water,find-beautiful-indices-in-the-given-array-i,0.0
number-of-beautiful-integers-in-the-range,check-if-n-and-its-double-exist,0.0
design-authentication-manager,maximum-sum-of-3-non-overlapping-subarrays,0.0
minimum-non-zero-product-of-the-array-elements,freedom-trail,0.0
design-bounded-blocking-queue,truncate-sentence,0.0
search-a-2d-matrix-ii,partition-labels,0.0
lfu-cache,maximum-rows-covered-by-columns,0.0
using-a-robot-to-print-the-lexicographically-smallest-string,maximum-of-absolute-value-expression,0.0
convert-1d-array-into-2d-array,maximum-sum-obtained-of-any-permutation,0.0
find-beautiful-indices-in-the-given-array-i,search-in-a-binary-search-tree,0.0
count-collisions-of-monkeys-on-a-polygon,solve-the-equation,0.0
check-if-string-is-transformable-with-substring-sort-operations,maximum-xor-of-two-non-overlapping-subtrees,0.0
symmetric-tree,calculate-digit-sum-of-a-string,0.0
smallest-missing-integer-greater-than-sequential-prefix-sum,maximum-cost-of-trip-with-k-highways,0.0
split-array-into-fibonacci-sequence,check-if-there-is-a-valid-path-in-a-grid,0.0
fair-distribution-of-cookies,find-missing-observations,0.0
calculate-amount-paid-in-taxes,valid-arrangement-of-pairs,0.0
zigzag-conversion,minimum-number-of-operations-to-satisfy-conditions,0.0
find-largest-value-in-each-tree-row,sort-list,0.0
find-numbers-with-even-number-of-digits,cyclically-rotating-a-grid,0.0
find-the-derangement-of-an-array,satisfiability-of-equality-equations,0.0
minimum-garden-perimeter-to-collect-enough-apples,number-of-ways-to-paint-n-3-grid,0.0
number-of-subsequences-that-satisfy-the-given-sum-condition,sequence-reconstruction,0.0
game-of-nim,longest-uploaded-prefix,0.0
maximal-square,count-integers-in-intervals,0.0
boundary-of-binary-tree,add-two-polynomials-represented-as-linked-lists,0.0
maximum-sum-circular-subarray,24-game,0.0
move-sub-tree-of-n-ary-tree,maximum-number-of-removable-characters,0.0
change-minimum-characters-to-satisfy-one-of-three-conditions,egg-drop-with-2-eggs-and-n-floors,0.0
divide-chocolate,maximum-nesting-depth-of-two-valid-parentheses-strings,0.0
print-in-order,positions-of-large-groups,0.0
valid-anagram,guess-the-majority-in-a-hidden-array,0.0
determine-the-winner-of-a-bowling-game,path-with-maximum-probability,0.0
smallest-rectangle-enclosing-black-pixels,partitioning-into-minimum-number-of-deci-binary-numbers,0.0
number-of-sub-arrays-of-size-k-and-average-greater-than-or-equal-to-threshold,middle-of-the-linked-list,0.0
count-of-integers,minimum-operations-to-write-the-letter-y-on-a-grid,0.0
flip-binary-tree-to-match-preorder-traversal,describe-the-painting,0.0
decode-the-message,intersection-of-multiple-arrays,0.0
minimum-sum-of-four-digit-number-after-splitting-digits,median-of-a-row-wise-sorted-matrix,0.0
valid-palindrome-iii,minimum-absolute-difference,0.0
maximum-number-of-non-overlapping-subarrays-with-sum-equals-target,palindrome-linked-list,0.0
shortest-subarray-with-sum-at-least-k,count-good-numbers,0.0
lexicographically-minimum-string-after-removing-stars,valid-sudoku,0.0
insert-delete-getrandom-o1-duplicates-allowed,minimum-flips-in-binary-tree-to-get-result,0.0
vertical-order-traversal-of-a-binary-tree,row-with-maximum-ones,0.0
minimum-cost-to-make-array-equalindromic,regions-cut-by-slashes,0.0
partition-to-k-equal-sum-subsets,change-the-root-of-a-binary-tree,0.0
partition-list,finding-3-digit-even-numbers,0.0
random-pick-with-blacklist,distribute-money-to-maximum-children,0.0
existence-of-a-substring-in-a-string-and-its-reverse,maximum-twin-sum-of-a-linked-list,0.0
pass-the-pillow,rectangle-area-ii,0.0
count-square-sum-triples,profitable-schemes,0.0
house-robber,reverse-linked-list,0.0
rotate-function,maximum-product-of-the-length-of-two-palindromic-substrings,0.0
target-sum,distant-barcodes,0.0
find-first-and-last-position-of-element-in-sorted-array,number-of-enclaves,0.0
most-visited-sector-in-a-circular-track,count-substrings-that-differ-by-one-character,0.0
number-of-adjacent-elements-with-the-same-color,design-a-leaderboard,0.0
count-asterisks,split-linked-list-in-parts,0.0
minimum-cost-of-a-path-with-special-roads,maximum-number-that-makes-result-of-bitwise-and-zero,0.0
kth-distinct-string-in-an-array,word-search,0.0
merge-nodes-in-between-zeros,occurrences-after-bigram,0.0
find-and-replace-in-string,minimum-cost-to-hire-k-workers,0.0
word-subsets,minimum-interval-to-include-each-query,0.0
recover-binary-search-tree,check-if-array-pairs-are-divisible-by-k,0.0
matrix-similarity-after-cyclic-shifts,find-beautiful-indices-in-the-given-array-i,0.0
k-items-with-the-maximum-sum,find-the-index-of-permutation,0.0
stone-game-vi,find-all-good-indices,0.0
basic-calculator-iv,house-robber-iv,0.0
minimum-height-trees,guess-the-majority-in-a-hidden-array,0.0
concatenation-of-consecutive-binary-numbers,maximum-size-of-a-set-after-removals,0.0
battleships-in-a-board,sum-of-digits-in-base-k,0.0
fraction-to-recurring-decimal,most-profitable-path-in-a-tree,0.0
numbers-with-repeated-digits,shortest-word-distance-iii,0.0
number-of-subarrays-with-bounded-maximum,vertical-order-traversal-of-a-binary-tree,0.0
maximum-sum-of-almost-unique-subarray,two-sum-bsts,0.0
steps-to-make-array-non-decreasing,kth-ancestor-of-a-tree-node,0.0
minimum-number-of-pushes-to-type-word-i,rotate-array,0.0
find-resultant-array-after-removing-anagrams,minimum-cost-to-reach-destination-in-time,0.0
remove-nth-node-from-end-of-list,count-prefix-and-suffix-pairs-i,0.0
thousand-separator,smallest-sufficient-team,0.0
minimum-cost-to-hire-k-workers,partition-labels,0.0
maximum-profit-of-operating-a-centennial-wheel,longest-common-prefix,0.0
perfect-number,reformat-phone-number,0.0
number-of-orders-in-the-backlog,booking-concert-tickets-in-groups,0.0
maximum-value-of-k-coins-from-piles,find-the-longest-semi-repetitive-substring,0.0
design-linked-list,sign-of-the-product-of-an-array,0.0
faulty-keyboard,sum-of-distances-in-tree,0.0
diameter-of-binary-tree,faulty-keyboard,0.0
largest-substring-between-two-equal-characters,minimum-cost-walk-in-weighted-graph,0.0
number-of-people-that-can-be-seen-in-a-grid,n-ary-tree-preorder-traversal,0.0
transform-to-chessboard,add-two-numbers-ii,0.0
number-of-changing-keys,first-unique-number,0.0
construct-binary-tree-from-preorder-and-inorder-traversal,remove-digit-from-number-to-maximize-result,0.0
similar-rgb-color,design-memory-allocator,0.0
confusing-number,smallest-number-in-infinite-set,0.0
number-of-good-leaf-nodes-pairs,bitwise-or-of-adjacent-elements,0.0
decode-ways-ii,array-with-elements-not-equal-to-average-of-neighbors,0.0
count-square-submatrices-with-all-ones,minimum-genetic-mutation,0.0
minimum-number-of-flips-to-convert-binary-matrix-to-zero-matrix,maximum-number-of-events-that-can-be-attended,0.0
find-longest-special-substring-that-occurs-thrice-i,sequentially-ordinal-rank-tracker,0.0
number-of-ways-to-build-house-of-cards,jump-game-iv,0.0
count-distinct-numbers-on-board,subsequence-with-the-minimum-score,0.0
closest-room,subarray-with-elements-greater-than-varying-threshold,0.0
parse-lisp-expression,remove-max-number-of-edges-to-keep-graph-fully-traversable,0.0
prime-arrangements,extra-characters-in-a-string,0.0
number-of-days-between-two-dates,rank-teams-by-votes,0.0
count-substrings-with-only-one-distinct-letter,minimum-cost-to-connect-sticks,0.0
distribute-coins-in-binary-tree,minimum-moves-to-spread-stones-over-grid,0.0
design-graph-with-shortest-path-calculator,sort-vowels-in-a-string,0.0
handshakes-that-dont-cross,longest-turbulent-subarray,0.0
maximum-product-of-splitted-binary-tree,sum-of-imbalance-numbers-of-all-subarrays,0.0
stream-of-characters,design-a-leaderboard,0.0
generate-a-string-with-characters-that-have-odd-counts,robot-bounded-in-circle,0.0
car-pooling,new-21-game,0.0
longest-string-chain,soup-servings,0.0
longest-substring-with-at-most-two-distinct-characters,divide-an-array-into-subarrays-with-minimum-cost-i,0.0
apply-operations-to-make-sum-of-array-greater-than-or-equal-to-k,build-array-from-permutation,0.0
sum-of-numbers-with-units-digit-k,maximum-number-of-removable-characters,0.0
minimum-jumps-to-reach-home,find-words-that-can-be-formed-by-characters,0.0
random-pick-with-blacklist,maximum-or,0.0
subdomain-visit-count,maximum-vacation-days,0.0
find-array-given-subset-sums,find-closest-node-to-given-two-nodes,0.0
random-point-in-non-overlapping-rectangles,maximum-score-after-applying-operations-on-a-tree,0.0
minimum-consecutive-cards-to-pick-up,maximize-number-of-nice-divisors,0.0
split-two-strings-to-make-palindrome,maximize-score-after-n-operations,0.0
the-time-when-the-network-becomes-idle,decode-ways-ii,0.0
transpose-matrix,majority-element-ii,0.0
maximum-size-of-a-set-after-removals,number-of-steps-to-reduce-a-number-in-binary-representation-to-one,0.0
bitwise-or-of-adjacent-elements,replace-words,0.0
groups-of-strings,number-of-recent-calls,0.0
super-palindromes,minimum-area-rectangle-ii,0.0
count-pairs-of-nodes,minimum-remove-to-make-valid-parentheses,0.0
network-delay-time,three-equal-parts,0.0
encode-and-decode-tinyurl,minimum-absolute-difference-in-bst,0.0
operations-on-tree,earliest-second-to-mark-indices-ii,0.0
sqrtx,count-the-number-of-incremovable-subarrays-i,0.0
lexicographically-minimum-string-after-removing-stars,max-consecutive-ones-iii,0.0
minimum-common-value,special-binary-string,0.0
minimum-cost-to-separate-sentence-into-rows,kth-largest-sum-in-a-binary-tree,0.0
minimum-window-substring,destroying-asteroids,0.0
the-number-of-ways-to-make-the-sum,iterator-for-combination,0.0
find-pattern-in-infinite-stream-i,design-hashset,0.0
build-a-matrix-with-conditions,nested-list-weight-sum,0.0
find-eventual-safe-states,find-k-pairs-with-smallest-sums,0.0
graph-connectivity-with-threshold,dice-roll-simulation,0.0
check-if-a-word-occurs-as-a-prefix-of-any-word-in-a-sentence,split-with-minimum-sum,0.0
rotate-list,complex-number-multiplication,0.0
the-k-th-lexicographical-string-of-all-happy-strings-of-length-n,find-the-duplicate-number,0.0
number-of-matching-subsequences,implement-stack-using-queues,0.0
rearranging-fruits,equalize-strings-by-adding-or-removing-characters-at-ends,0.0
factorial-trailing-zeroes,unique-word-abbreviation,0.0
zigzag-iterator,design-movie-rental-system,0.0
probability-of-a-two-boxes-having-the-same-number-of-distinct-balls,find-words-that-can-be-formed-by-characters,0.0
insert-into-a-sorted-circular-linked-list,minimizing-array-after-replacing-pairs-with-their-product,0.0
find-the-prefix-common-array-of-two-arrays,count-ways-to-build-good-strings,0.0
modify-the-matrix,construct-quad-tree,0.0
find-all-groups-of-farmland,range-product-queries-of-powers,0.0
greatest-english-letter-in-upper-and-lower-case,flipping-an-image,0.0
shuffle-an-array,take-k-of-each-character-from-left-and-right,0.0
kth-missing-positive-number,largest-component-size-by-common-factor,0.0
parallel-courses-iii,remove-duplicates-from-sorted-array-ii,0.0
merge-intervals,complement-of-base-10-integer,0.0
destroying-asteroids,unique-word-abbreviation,0.0
is-graph-bipartite,total-hamming-distance,0.0
minimum-number-of-visited-cells-in-a-grid,distribute-candies-among-children-i,0.0
remove-vowels-from-a-string,amount-of-new-area-painted-each-day,0.0
richest-customer-wealth,maximum-number-of-k-divisible-components,0.0
parallel-courses-iii,can-i-win,0.0
optimal-account-balancing,sum-of-digits-in-base-k,0.0
uncrossed-lines,convert-binary-number-in-a-linked-list-to-integer,0.0
shortest-distance-to-a-character,find-the-number-of-distinct-colors-among-the-balls,0.0
count-numbers-with-unique-digits-ii,cinema-seat-allocation,0.0
minimum-number-of-days-to-eat-n-oranges,traffic-light-controlled-intersection,0.0
can-you-eat-your-favorite-candy-on-your-favorite-day,divide-two-integers,0.0
number-of-good-pairs,validate-ip-address,0.0
minimum-number-of-pushes-to-type-word-ii,amount-of-time-for-binary-tree-to-be-infected,0.0
sqrtx,optimize-water-distribution-in-a-village,0.0
remove-duplicates-from-sorted-list,divide-array-into-arrays-with-max-difference,0.0
web-crawler,restore-the-array,0.0
check-if-all-characters-have-equal-number-of-occurrences,get-the-maximum-score,0.0
add-two-numbers-ii,prime-arrangements,0.0
equal-sum-arrays-with-minimum-number-of-operations,longest-cycle-in-a-graph,0.0
minimum-amount-of-time-to-collect-garbage,deepest-leaves-sum,0.0
minimum-number-of-moves-to-make-palindrome,heaters,0.0
number-of-smooth-descent-periods-of-a-stock,filter-restaurants-by-vegan-friendly-price-and-distance,0.0
strange-printer-ii,basic-calculator,0.0
3sum-closest,satisfiability-of-equality-equations,0.0
find-the-minimum-cost-array-permutation,delete-the-middle-node-of-a-linked-list,0.0
all-ancestors-of-a-node-in-a-directed-acyclic-graph,decode-the-slanted-ciphertext,0.0
root-equals-sum-of-children,color-the-triangle-red,0.0
split-bst,smallest-subsequence-of-distinct-characters,0.0
path-with-maximum-minimum-value,my-calendar-i,0.0
next-closest-time,remove-nth-node-from-end-of-list,0.0
reverse-odd-levels-of-binary-tree,powerful-integers,0.0
number-of-subarrays-having-even-product,find-winner-on-a-tic-tac-toe-game,0.0
132-pattern,count-paths-that-can-form-a-palindrome-in-a-tree,0.0
construct-product-matrix,maximum-subarray-sum-with-one-deletion,0.0
check-if-a-string-can-break-another-string,count-total-number-of-colored-cells,0.0
uncommon-words-from-two-sentences,prime-number-of-set-bits-in-binary-representation,0.0
freedom-trail,range-sum-query-2d-mutable,0.0
matrix-cells-in-distance-order,power-of-three,0.0
number-of-ways-to-buy-pens-and-pencils,number-of-unique-flavors-after-sharing-k-candies,0.0
check-if-string-is-a-prefix-of-array,longest-subarray-of-1s-after-deleting-one-element,0.0
snapshot-array,convert-binary-number-in-a-linked-list-to-integer,0.0
reformat-phone-number,minimum-numbers-of-function-calls-to-make-target-array,0.0
put-marbles-in-bags,design-linked-list,0.0
shortest-path-with-alternating-colors,sequence-reconstruction,0.0
sort-the-matrix-diagonally,last-stone-weight-ii,0.0
find-leaves-of-binary-tree,remove-max-number-of-edges-to-keep-graph-fully-traversable,0.0
find-valid-matrix-given-row-and-column-sums,circular-permutation-in-binary-representation,0.0
unique-substrings-in-wraparound-string,minimum-sum-of-mountain-triplets-i,0.0
flower-planting-with-no-adjacent,subsets-ii,0.0
implement-magic-dictionary,length-of-longest-subarray-with-at-most-k-frequency,0.0
count-the-number-of-special-characters-i,check-if-every-row-and-column-contains-all-numbers,0.0
matrix-similarity-after-cyclic-shifts,minimum-one-bit-operations-to-make-integers-zero,0.0
frog-jump,maximum-score-from-removing-stones,0.0
maximum-total-beauty-of-the-gardens,check-if-the-sentence-is-pangram,0.0
count-substrings-without-repeating-character,array-nesting,0.0
alice-and-bob-playing-flower-game,lexicographically-minimum-string-after-removing-stars,0.0
first-bad-version,longest-word-in-dictionary-through-deleting,0.0
distribute-money-to-maximum-children,diet-plan-performance,0.0
data-stream-as-disjoint-intervals,maximum-cost-of-trip-with-k-highways,0.0
subsequence-with-the-minimum-score,count-the-number-of-houses-at-a-certain-distance-i,0.0
longest-palindrome,four-divisors,0.0
longest-uploaded-prefix,lexicographically-smallest-string-after-applying-operations,0.0
sort-transformed-array,linked-list-cycle-ii,0.0
number-of-ways-to-reach-a-position-after-exactly-k-steps,basic-calculator,0.0
closest-nodes-queries-in-a-binary-search-tree,divide-array-into-increasing-sequences,0.0
reverse-linked-list-ii,rearrange-string-k-distance-apart,0.0
construct-the-rectangle,maximum-repeating-substring,0.0
surrounded-regions,delete-columns-to-make-sorted-iii,0.0
count-nodes-equal-to-sum-of-descendants,sentence-similarity-iii,0.0
compare-strings-by-frequency-of-the-smallest-character,zuma-game,0.0
find-all-k-distant-indices-in-an-array,word-search-ii,0.0
reverse-string,stone-game,0.0
shortest-way-to-form-string,maximum-cost-of-trip-with-k-highways,0.0
the-employee-that-worked-on-the-longest-task,detect-squares,0.0
find-subarray-with-bitwise-or-closest-to-k,construct-quad-tree,0.0
maximum-element-after-decreasing-and-rearranging,find-three-consecutive-integers-that-sum-to-a-given-number,0.0
maximum-cost-of-trip-with-k-highways,thousand-separator,0.0
stock-price-fluctuation,substrings-that-begin-and-end-with-the-same-letter,0.0
maximum-population-year,parallel-courses-ii,0.0
maximum-subarray,add-one-row-to-tree,0.0
lowest-common-ancestor-of-a-binary-tree-iv,set-matrix-zeroes,0.0
sorting-the-sentence,sum-of-subsequence-widths,0.0
detect-cycles-in-2d-grid,rabbits-in-forest,0.0
allocate-mailboxes,find-array-given-subset-sums,0.0
find-all-groups-of-farmland,advantage-shuffle,0.0
maximize-value-of-function-in-a-ball-passing-game,coloring-a-border,0.0
remove-all-ones-with-row-and-column-flips-ii,maximum-frequency-score-of-a-subarray,0.0
subarrays-distinct-element-sum-of-squares-ii,find-champion-i,0.0
course-schedule-iv,check-if-n-and-its-double-exist,0.0
check-if-array-is-sorted-and-rotated,reorder-list,0.0
number-of-steps-to-reduce-a-number-to-zero,sum-of-even-numbers-after-queries,0.0
kth-smallest-product-of-two-sorted-arrays,split-a-string-in-balanced-strings,0.0
binary-tree-longest-consecutive-sequence,minimize-manhattan-distances,0.0
find-pattern-in-infinite-stream-ii,strong-password-checker,0.0
mark-elements-on-array-by-performing-queries,number-of-wonderful-substrings,0.0
lonely-pixel-ii,maximum-of-minimum-values-in-all-subarrays,0.0
find-polygon-with-the-largest-perimeter,generalized-abbreviation,0.0
maximum-bags-with-full-capacity-of-rocks,find-and-replace-pattern,0.0
longest-well-performing-interval,equalize-strings-by-adding-or-removing-characters-at-ends,0.0
find-the-winner-of-an-array-game,buddy-strings,0.0
generate-random-point-in-a-circle,longest-increasing-subsequence,0.0
minimum-cost-to-merge-stones,find-the-grid-of-region-average,0.0
stone-game-iv,find-xor-sum-of-all-pairs-bitwise-and,0.0
search-in-a-sorted-array-of-unknown-size,high-access-employees,0.0
number-of-nodes-with-value-one,number-of-single-divisor-triplets,0.0
spiral-matrix,invalid-transactions,0.0
reformat-date,steps-to-make-array-non-decreasing,0.0
shortest-path-to-get-all-keys,find-the-longest-substring-containing-vowels-in-even-counts,0.0
coin-path,find-missing-observations,0.0
depth-of-bst-given-insertion-order,solve-the-equation,0.0
count-positions-on-street-with-required-brightness,find-servers-that-handled-most-number-of-requests,0.0
verify-preorder-sequence-in-binary-search-tree,largest-submatrix-with-rearrangements,0.0
check-whether-two-strings-are-almost-equivalent,steps-to-make-array-non-decreasing,0.0
remove-k-digits,maximize-distance-to-closest-person,0.0
reachable-nodes-with-restrictions,rearrange-characters-to-make-target-string,0.0
minimize-malware-spread,minimum-operations-to-make-array-equal-ii,0.0
find-all-possible-stable-binary-arrays-i,car-fleet,0.0
the-number-of-the-smallest-unoccupied-chair,minimum-cuts-to-divide-a-circle,0.0
minimum-operations-to-make-the-array-k-increasing,number-of-steps-to-reduce-a-number-in-binary-representation-to-one,0.0
find-the-maximum-number-of-marked-indices,number-of-corner-rectangles,0.0
paint-house-ii,cells-in-a-range-on-an-excel-sheet,0.0
move-sub-tree-of-n-ary-tree,similar-rgb-color,0.0
find-the-longest-valid-obstacle-course-at-each-position,two-sum-iv-input-is-a-bst,0.0
similar-string-groups,number-of-subarrays-with-lcm-equal-to-k,0.0
insertion-sort-list,logger-rate-limiter,0.0
verbal-arithmetic-puzzle,rectangle-overlap,0.0
group-the-people-given-the-group-size-they-belong-to,longest-strictly-increasing-or-strictly-decreasing-subarray,0.0
validate-ip-address,number-of-good-ways-to-split-a-string,0.0
maximum-distance-in-arrays,design-twitter,0.0
maximum-number-of-vowels-in-a-substring-of-given-length,number-of-enclaves,0.0
find-the-number-of-ways-to-place-people-i,sort-characters-by-frequency,0.0
range-sum-query-mutable,greatest-common-divisor-of-strings,0.0
palindrome-pairs,remove-nodes-from-linked-list,0.0
powerful-integers,count-pairs-of-similar-strings,0.0
rabbits-in-forest,minimum-length-of-string-after-deleting-similar-ends,0.0
linked-list-in-binary-tree,number-of-connected-components-in-an-undirected-graph,0.0
remove-stones-to-minimize-the-total,check-if-strings-can-be-made-equal-with-operations-ii,0.0
print-words-vertically,insert-delete-getrandom-o1-duplicates-allowed,0.0
number-of-single-divisor-triplets,shortest-path-in-binary-matrix,0.0
split-message-based-on-limit,word-ladder-ii,0.0
generate-random-point-in-a-circle,pour-water-between-buckets-to-make-water-levels-equal,0.0
check-if-all-characters-have-equal-number-of-occurrences,abbreviating-the-product-of-a-range,0.0
alert-using-same-key-card-three-or-more-times-in-a-one-hour-period,count-palindromic-subsequences,0.0
removing-minimum-number-of-magic-beans,champagne-tower,0.0
maximum-sum-of-3-non-overlapping-subarrays,design-circular-queue,0.0
minimum-recolors-to-get-k-consecutive-black-blocks,guess-number-higher-or-lower,0.0
number-of-ways-to-split-a-string,flower-planting-with-no-adjacent,0.0
html-entity-parser,sort-linked-list-already-sorted-using-absolute-values,0.0
number-of-nodes-in-the-sub-tree-with-the-same-label,remove-zero-sum-consecutive-nodes-from-linked-list,0.0
count-the-number-of-houses-at-a-certain-distance-i,the-maze-ii,0.0
contains-duplicate,better-compression-of-string,0.0
count-paths-that-can-form-a-palindrome-in-a-tree,display-table-of-food-orders-in-a-restaurant,0.0
construct-binary-tree-from-preorder-and-inorder-traversal,sort-integers-by-the-power-value,0.0
maximum-product-of-the-length-of-two-palindromic-substrings,count-the-digits-that-divide-a-number,0.0
maximum-element-sum-of-a-complete-subset-of-indices,n-ary-tree-postorder-traversal,0.0
move-zeroes,longest-palindromic-substring,0.0
time-needed-to-inform-all-employees,distinct-numbers-in-each-subarray,0.0
jump-game-vii,merge-k-sorted-lists,0.0
find-duplicate-subtrees,number-of-ways-to-arrive-at-destination,0.0
find-servers-that-handled-most-number-of-requests,odd-even-jump,0.0
longest-happy-prefix,find-the-minimum-and-maximum-number-of-nodes-between-critical-points,0.0
toss-strange-coins,maximum-points-in-an-archery-competition,0.0
guess-the-majority-in-a-hidden-array,interval-list-intersections,0.0
print-words-vertically,number-of-good-pairs,0.0
shuffle-string,compare-version-numbers,0.0
bulls-and-cows,image-smoother,0.0
poor-pigs,sum-of-matrix-after-queries,0.0
robot-collisions,find-number-of-coins-to-place-in-tree-nodes,0.0
find-largest-value-in-each-tree-row,k-th-symbol-in-grammar,0.0
task-scheduler,minimum-limit-of-balls-in-a-bag,0.0
shortest-string-that-contains-three-strings,moving-stones-until-consecutive-ii,0.0
faulty-sensor,length-of-longest-fibonacci-subsequence,0.0
construct-binary-tree-from-preorder-and-postorder-traversal,shortest-path-to-get-all-keys,0.0
maximum-twin-sum-of-a-linked-list,sort-transformed-array,0.0
fixed-point,fraction-to-recurring-decimal,0.0
decrypt-string-from-alphabet-to-integer-mapping,check-if-n-and-its-double-exist,0.0
earliest-second-to-mark-indices-ii,binary-number-with-alternating-bits,0.0
vertical-order-traversal-of-a-binary-tree,remove-colored-pieces-if-both-neighbors-are-the-same-color,0.0
longer-contiguous-segments-of-ones-than-zeros,number-of-ways-of-cutting-a-pizza,0.0
jump-game-vi,design-excel-sum-formula,0.0
remove-duplicates-from-sorted-list,zuma-game,0.0
count-tested-devices-after-test-operations,minimum-unique-word-abbreviation,0.0
find-the-minimum-and-maximum-number-of-nodes-between-critical-points,design-sql,0.0
number-of-ways-to-split-a-string,maximum-alternating-subarray-sum,0.0
display-table-of-food-orders-in-a-restaurant,last-stone-weight,0.0
long-pressed-name,find-the-k-th-lucky-number,0.0
find-the-number-of-good-pairs-i,lru-cache,0.0
cells-in-a-range-on-an-excel-sheet,reaching-points,0.0
count-lattice-points-inside-a-circle,rotate-list,0.0
number-of-increasing-paths-in-a-grid,merge-intervals,0.0
count-paths-that-can-form-a-palindrome-in-a-tree,word-break,0.0
serialize-and-deserialize-binary-tree,sort-array-by-increasing-frequency,0.0
cracking-the-safe,maximum-subarray,0.0
sum-of-number-and-its-reverse,find-the-distance-value-between-two-arrays,0.0
power-of-three,the-k-weakest-rows-in-a-matrix,0.0
convert-bst-to-greater-tree,count-the-number-of-good-subsequences,0.0
subdomain-visit-count,minimize-length-of-array-using-operations,0.0
convert-the-temperature,simplified-fractions,0.0
string-to-integer-atoi,form-largest-integer-with-digits-that-add-up-to-target,0.0
flatten-nested-list-iterator,number-of-ways-to-wear-different-hats-to-each-other,0.0
maximum-sum-circular-subarray,rle-iterator,0.0
the-maze-ii,largest-local-values-in-a-matrix,0.0
multiply-strings,number-of-even-and-odd-bits,0.0
color-the-triangle-red,h-index,0.0
node-with-highest-edge-score,count-numbers-with-unique-digits-ii,0.0
get-maximum-in-generated-array,alert-using-same-key-card-three-or-more-times-in-a-one-hour-period,0.0
minimum-total-cost-to-make-arrays-unequal,validate-ip-address,0.0
contains-duplicate-iii,check-if-there-is-a-valid-path-in-a-grid,0.0
maximize-the-confusion-of-an-exam,number-of-islands,0.0
minimum-number-of-moves-to-seat-everyone,find-the-longest-balanced-substring-of-a-binary-string,0.0
calculate-delayed-arrival-time,amount-of-new-area-painted-each-day,0.0
rings-and-rods,longest-continuous-subarray-with-absolute-diff-less-than-or-equal-to-limit,0.0
split-bst,maximum-total-reward-using-operations-i,0.0
construct-binary-search-tree-from-preorder-traversal,closest-divisors,0.0
zuma-game,truncate-sentence,0.0
sort-the-students-by-their-kth-score,word-search-ii,0.0
count-beautiful-substrings-ii,maximum-binary-tree-ii,0.0
two-city-scheduling,move-sub-tree-of-n-ary-tree,0.0
smallest-subtree-with-all-the-deepest-nodes,largest-submatrix-with-rearrangements,0.0
find-leaves-of-binary-tree,maximum-length-substring-with-two-occurrences,0.0
get-the-maximum-score,smallest-even-multiple,0.0
coin-path,replace-question-marks-in-string-to-minimize-its-value,0.0
implement-trie-prefix-tree,minimum-number-of-days-to-eat-n-oranges,0.0
best-team-with-no-conflicts,minimum-amount-of-time-to-collect-garbage,0.0
count-the-number-of-square-free-subsets,movement-of-robots,0.0
validate-binary-tree-nodes,xor-operation-in-an-array,0.0
design-snake-game,design-hit-counter,0.0
spiral-matrix-iv,shortest-distance-to-a-character,0.0
minimum-moves-to-pick-k-ones,categorize-box-according-to-criteria,0.0
h-index,number-of-distinct-substrings-in-a-string,0.0
longest-uncommon-subsequence-ii,beautiful-towers-i,0.0
sort-characters-by-frequency,split-array-largest-sum,0.0
nested-list-weight-sum,minimum-deletions-to-make-string-k-special,0.0
insufficient-nodes-in-root-to-leaf-paths,count-the-number-of-good-subarrays,0.0
finding-the-number-of-visible-mountains,sum-of-scores-of-built-strings,0.0
number-of-connected-components-in-an-undirected-graph,synonymous-sentences,0.0
basic-calculator-ii,find-nearest-right-node-in-binary-tree,0.0
ip-to-cidr,minimize-malware-spread-ii,0.0
maximum-population-year,bricks-falling-when-hit,0.0
smallest-number-in-infinite-set,divide-nodes-into-the-maximum-number-of-groups,0.0
paint-house,split-a-string-in-balanced-strings,0.0
reorganize-string,sorting-three-groups,0.0
rle-iterator,number-of-divisible-substrings,0.0
min-stack,reorder-list,0.0
minimum-moves-to-pick-k-ones,design-excel-sum-formula,0.0
online-stock-span,balance-a-binary-search-tree,0.0
maximum-score-after-splitting-a-string,the-most-similar-path-in-a-graph,0.0
island-perimeter,cousins-in-binary-tree-ii,0.0
optimize-water-distribution-in-a-village,boundary-of-binary-tree,0.0
number-of-sub-arrays-of-size-k-and-average-greater-than-or-equal-to-threshold,find-the-string-with-lcp,0.0
number-of-closed-islands,minimum-ascii-delete-sum-for-two-strings,0.0
minimum-bit-flips-to-convert-number,car-fleet-ii,0.0
count-items-matching-a-rule,describe-the-painting,0.0
shortest-path-to-get-food,find-latest-group-of-size-m,0.0
x-of-a-kind-in-a-deck-of-cards,flatten-2d-vector,0.0
design-hashset,detonate-the-maximum-bombs,0.0
design-memory-allocator,number-of-strings-which-can-be-rearranged-to-contain-substring,0.0
longest-palindrome,number-of-spaces-cleaning-robot-cleaned,0.0
largest-number-after-digit-swaps-by-parity,subsequence-with-the-minimum-score,0.0
evaluate-division,minimum-possible-integer-after-at-most-k-adjacent-swaps-on-digits,0.0
count-all-valid-pickup-and-delivery-options,count-complete-subarrays-in-an-array,0.0
island-perimeter,middle-of-the-linked-list,0.0
sort-even-and-odd-indices-independently,insufficient-nodes-in-root-to-leaf-paths,0.0
hamming-distance,maximum-beauty-of-an-array-after-applying-operation,0.0
path-sum-iv,heaters,0.0
building-boxes,find-smallest-common-element-in-all-rows,0.0
divide-an-array-into-subarrays-with-minimum-cost-i,valid-parentheses,0.0
stone-game,matrix-block-sum,0.0
course-schedule,count-number-of-rectangles-containing-each-point,0.0
median-of-two-sorted-arrays,count-of-integers,0.0
equal-rational-numbers,minimum-distance-between-bst-nodes,0.0
design-a-text-editor,minimum-number-of-days-to-disconnect-island,0.0
number-of-possible-sets-of-closing-branches,minimum-operations-to-form-subsequence-with-target-sum,0.0
check-if-a-number-is-majority-element-in-a-sorted-array,minimum-number-of-days-to-disconnect-island,0.0
determine-if-two-strings-are-close,find-duplicate-subtrees,0.0
random-pick-with-blacklist,maximum-trailing-zeros-in-a-cornered-path,0.0
number-of-good-paths,best-time-to-buy-and-sell-stock,0.0
design-circular-deque,ways-to-split-array-into-good-subarrays,0.0
stone-game-viii,shortest-palindrome,0.0
intersection-of-two-linked-lists,count-nice-pairs-in-an-array,0.0
find-all-the-lonely-nodes,maximum-subarray-sum-with-one-deletion,0.0
add-digits,time-to-cross-a-bridge,0.0
finding-the-users-active-minutes,lexicographically-minimum-string-after-removing-stars,0.0
minimum-number-of-groups-to-create-a-valid-assignment,verify-preorder-sequence-in-binary-search-tree,0.0
shuffle-the-array,maximum-split-of-positive-even-integers,0.0
partition-array-such-that-maximum-difference-is-k,magical-string,0.0
decode-string,max-increase-to-keep-city-skyline,0.0
maximum-difference-between-increasing-elements,design-browser-history,0.0
root-equals-sum-of-children,word-pattern-ii,0.0
design-circular-queue,length-of-longest-fibonacci-subsequence,0.0
find-the-longest-valid-obstacle-course-at-each-position,linked-list-frequency,0.0
path-sum-iii,maximum-score-from-removing-substrings,0.0
maximum-count-of-positive-integer-and-negative-integer,optimize-water-distribution-in-a-village,0.0
meeting-rooms-ii,maximum-cost-of-trip-with-k-highways,0.0
design-a-leaderboard,count-number-of-pairs-with-absolute-difference-k,0.0
water-and-jug-problem,shortest-word-distance-ii,0.0
count-total-number-of-colored-cells,binary-tree-maximum-path-sum,0.0
using-a-robot-to-print-the-lexicographically-smallest-string,odd-even-jump,0.0
minimum-obstacle-removal-to-reach-corner,number-of-sub-arrays-with-odd-sum,0.0
paint-house-ii,delete-greatest-value-in-each-row,0.0
count-the-number-of-k-free-subsets,largest-time-for-given-digits,0.0
house-robber-ii,number-of-connected-components-in-an-undirected-graph,0.0
combination-sum-iii,array-with-elements-not-equal-to-average-of-neighbors,0.0
count-number-of-distinct-integers-after-reverse-operations,binary-tree-longest-consecutive-sequence,0.0
partitioning-into-minimum-number-of-deci-binary-numbers,unique-word-abbreviation,0.0
most-profit-assigning-work,check-if-the-number-is-fascinating,0.0
number-of-visible-people-in-a-queue,minimum-time-to-eat-all-grains,0.0
happy-students,longest-word-in-dictionary,0.0
minimum-non-zero-product-of-the-array-elements,transpose-matrix,0.0
maximum-white-tiles-covered-by-a-carpet,thousand-separator,0.0
image-smoother,maximum-number-of-k-divisible-components,0.0
longest-consecutive-sequence,make-the-string-great,0.0
happy-students,text-justification,0.0
valid-word,count-the-number-of-houses-at-a-certain-distance-i,0.0
maximum-of-absolute-value-expression,satisfiability-of-equality-equations,0.0
optimal-division,implement-rand10-using-rand7,0.0
two-out-of-three,design-in-memory-file-system,0.0
the-number-of-beautiful-subsets,valid-arrangement-of-pairs,0.0
shortest-distance-to-target-color,maximum-number-of-vowels-in-a-substring-of-given-length,0.0
minimum-moves-to-capture-the-queen,number-of-pairs-of-strings-with-concatenation-equal-to-target,0.0
minimum-changes-to-make-alternating-binary-string,web-crawler-multithreaded,0.0
plates-between-candles,minimum-number-of-operations-to-sort-a-binary-tree-by-level,0.0
letter-case-permutation,the-maze-iii,0.0
serialize-and-deserialize-binary-tree,shortest-distance-from-all-buildings,0.0
maximum-binary-tree,sum-of-prefix-scores-of-strings,0.0
count-total-number-of-colored-cells,maximum-spending-after-buying-items,0.0
hamming-distance,search-insert-position,0.0
numbers-with-repeated-digits,convert-sorted-array-to-binary-search-tree,0.0
longest-happy-string,as-far-from-land-as-possible,0.0
find-duplicate-file-in-system,minimum-number-of-pushes-to-type-word-ii,0.0
maximum-size-subarray-sum-equals-k,find-the-difference,0.0
flatten-nested-list-iterator,find-the-maximum-length-of-a-good-subsequence-ii,0.0
buildings-with-an-ocean-view,sum-of-even-numbers-after-queries,0.0
frequency-tracker,minimum-remove-to-make-valid-parentheses,0.0
collect-coins-in-a-tree,sum-of-subsequence-widths,0.0
make-array-empty,distribute-coins-in-binary-tree,0.0
available-captures-for-rook,maximum-number-of-upgradable-servers,0.0
swim-in-rising-water,all-possible-full-binary-trees,0.0
validate-stack-sequences,sum-of-digit-differences-of-all-pairs,0.0
count-unreachable-pairs-of-nodes-in-an-undirected-graph,longest-binary-subsequence-less-than-or-equal-to-k,0.0
range-module,task-scheduler,0.0
evaluate-division,bitwise-ors-of-subarrays,0.0
count-items-matching-a-rule,find-the-minimum-cost-array-permutation,0.0
shortest-completing-word,the-skyline-problem,0.0
design-hashmap,reverse-linked-list,0.0
build-array-where-you-can-find-the-maximum-exactly-k-comparisons,number-of-closed-islands,0.0
design-a-leaderboard,number-of-ways-to-reconstruct-a-tree,0.0
monotonic-array,cousins-in-binary-tree-ii,0.0
find-pattern-in-infinite-stream-ii,search-suggestions-system,0.0
merge-k-sorted-lists,divide-an-array-into-subarrays-with-minimum-cost-ii,0.0
count-complete-subarrays-in-an-array,smallest-subtree-with-all-the-deepest-nodes,0.0
matrix-block-sum,watering-plants,0.0
minimum-limit-of-balls-in-a-bag,binary-tree-paths,0.0
find-the-maximum-length-of-a-good-subsequence-i,sort-features-by-popularity,0.0
find-first-palindromic-string-in-the-array,merge-bsts-to-create-single-bst,0.0
cherry-pickup,longest-substring-with-at-most-k-distinct-characters,0.0
count-vowel-substrings-of-a-string,difference-between-element-sum-and-digit-sum-of-an-array,0.0
binary-string-with-substrings-representing-1-to-n,largest-color-value-in-a-directed-graph,0.0
change-the-root-of-a-binary-tree,find-substring-with-given-hash-value,0.0
maximum-sum-queries,faulty-sensor,0.0
pancake-sorting,decode-the-message,0.0
can-i-win,maximize-the-minimum-powered-city,0.0
smallest-missing-genetic-value-in-each-subtree,task-scheduler,0.0
evaluate-reverse-polish-notation,minimum-time-to-repair-cars,0.0
divisor-game,basic-calculator-ii,0.0
number-of-single-divisor-triplets,stamping-the-sequence,0.0
minimum-window-subsequence,maximum-ice-cream-bars,0.0
remove-invalid-parentheses,find-target-indices-after-sorting-array,0.0
redundant-connection,stone-game-viii,0.0
count-submatrices-with-all-ones,design-compressed-string-iterator,0.0
circular-sentence,convert-bst-to-greater-tree,0.0
most-frequent-ids,read-n-characters-given-read4-ii-call-multiple-times,0.0
sum-of-root-to-leaf-binary-numbers,partition-equal-subset-sum,0.0
percentage-of-letter-in-string,best-position-for-a-service-centre,0.0
determine-whether-matrix-can-be-obtained-by-rotation,maximum-number-of-integers-to-choose-from-a-range-ii,0.0
custom-sort-string,find-the-original-array-of-prefix-xor,0.0
rank-transform-of-a-matrix,palindromic-substrings,0.0
count-all-possible-routes,beautiful-towers-i,0.0
number-of-people-that-can-be-seen-in-a-grid,course-schedule,0.0
number-of-beautiful-integers-in-the-range,index-pairs-of-a-string,0.0
number-of-ways-to-buy-pens-and-pencils,paint-fence,0.0
largest-palindromic-number,path-in-zigzag-labelled-binary-tree,0.0
maximum-gcd-sum-of-a-subarray,factor-combinations,0.0
snapshot-array,k-inverse-pairs-array,0.0
course-schedule-iv,count-houses-in-a-circular-street-ii,0.0
car-fleet,minimum-moves-to-reach-target-score,0.0
maximize-number-of-subsequences-in-a-string,create-binary-tree-from-descriptions,0.0
all-nodes-distance-k-in-binary-tree,sell-diminishing-valued-colored-balls,0.0
destroy-sequential-targets,number-of-valid-words-for-each-puzzle,0.0
goal-parser-interpretation,delete-node-in-a-bst,0.0
divide-players-into-teams-of-equal-skill,maximum-white-tiles-covered-by-a-carpet,0.0
most-popular-video-creator,maximum-score-after-splitting-a-string,0.0
find-winner-on-a-tic-tac-toe-game,design-a-file-sharing-system,0.0
linked-list-components,4sum,0.0
difference-of-number-of-distinct-values-on-diagonals,prefix-and-suffix-search,0.0
minimum-jumps-to-reach-home,find-eventual-safe-states,0.0
number-of-subarrays-with-gcd-equal-to-k,check-if-strings-can-be-made-equal-with-operations-i,0.0
binary-tree-longest-consecutive-sequence,create-maximum-number,0.0
subrectangle-queries,insert-into-a-binary-search-tree,0.0
minimum-adjacent-swaps-to-make-a-valid-array,convert-a-number-to-hexadecimal,0.0
remove-colored-pieces-if-both-neighbors-are-the-same-color,reverse-bits,0.0
count-paths-that-can-form-a-palindrome-in-a-tree,probability-of-a-two-boxes-having-the-same-number-of-distinct-balls,0.0
generate-a-string-with-characters-that-have-odd-counts,valid-word-square,0.0
find-the-xor-of-numbers-which-appear-twice,replace-question-marks-in-string-to-minimize-its-value,0.0
equalize-strings-by-adding-or-removing-characters-at-ends,count-equal-and-divisible-pairs-in-an-array,0.0
average-height-of-buildings-in-each-segment,total-appeal-of-a-string,0.0
count-k-subsequences-of-a-string-with-maximum-beauty,find-smallest-common-element-in-all-rows,0.0
maximum-binary-string-after-change,super-egg-drop,0.0
split-message-based-on-limit,closest-leaf-in-a-binary-tree,0.0
beautiful-array,create-binary-tree-from-descriptions,0.0
count-number-of-texts,sort-transformed-array,0.0
short-encoding-of-words,find-k-pairs-with-smallest-sums,0.0
minimum-fuel-cost-to-report-to-the-capital,count-strictly-increasing-subarrays,0.0
a-number-after-a-double-reversal,check-if-string-is-transformable-with-substring-sort-operations,0.0
minimum-garden-perimeter-to-collect-enough-apples,sum-of-imbalance-numbers-of-all-subarrays,0.0
total-cost-to-hire-k-workers,number-of-lines-to-write-string,0.0
finding-the-users-active-minutes,cracking-the-safe,0.0
target-sum,count-vowel-substrings-of-a-string,0.0
number-of-substrings-containing-all-three-characters,maximum-subarray-sum-with-one-deletion,0.0
count-nodes-that-are-great-enough,count-number-of-homogenous-substrings,0.0
valid-palindrome-iii,construct-quad-tree,0.0
merge-two-2d-arrays-by-summing-values,can-you-eat-your-favorite-candy-on-your-favorite-day,0.0
count-ways-to-build-rooms-in-an-ant-colony,rearrange-spaces-between-words,0.0
balance-a-binary-search-tree,count-subarrays-with-fixed-bounds,0.0
adding-two-negabinary-numbers,reverse-odd-levels-of-binary-tree,0.0
print-foobar-alternately,put-boxes-into-the-warehouse-ii,0.0
find-indices-with-index-and-value-difference-i,divide-a-string-into-groups-of-size-k,0.0
bulb-switcher,maximum-binary-string-after-change,0.0
pyramid-transition-matrix,construct-binary-tree-from-preorder-and-postorder-traversal,0.0
robot-collisions,count-all-possible-routes,0.0
count-vowel-strings-in-ranges,minimum-operations-to-make-a-special-number,0.0
minimum-edge-reversals-so-every-node-is-reachable,walking-robot-simulation,0.0
the-k-th-lexicographical-string-of-all-happy-strings-of-length-n,find-k-pairs-with-smallest-sums,0.0
maximum-size-subarray-sum-equals-k,reverse-linked-list-ii,0.0
kth-largest-element-in-a-stream,stone-game-ii,0.0
concatenation-of-consecutive-binary-numbers,check-distances-between-same-letters,0.0
design-bitset,nearest-exit-from-entrance-in-maze,0.0
visit-array-positions-to-maximize-score,reachable-nodes-with-restrictions,0.0
minimum-size-subarray-sum,the-k-th-lexicographical-string-of-all-happy-strings-of-length-n,0.0
convert-sorted-array-to-binary-search-tree,find-occurrences-of-an-element-in-an-array,0.0
shortest-string-that-contains-three-strings,divisible-and-non-divisible-sums-difference,0.0
sum-of-square-numbers,pyramid-transition-matrix,0.0
last-stone-weight-ii,tweet-counts-per-frequency,0.0
check-completeness-of-a-binary-tree,minimum-falling-path-sum,0.0
number-of-wonderful-substrings,linked-list-cycle-ii,0.0
shortest-distance-to-a-character,smallest-value-after-replacing-with-sum-of-prime-factors,0.0
find-longest-special-substring-that-occurs-thrice-ii,multiply-strings,0.0
minimum-edge-weight-equilibrium-queries-in-a-tree,word-squares,0.0
minimum-cost-to-equalize-array,number-of-pairs-of-interchangeable-rectangles,0.0
delete-operation-for-two-strings,number-of-ways-to-reconstruct-a-tree,0.0
day-of-the-year,convert-sorted-list-to-binary-search-tree,0.0
strings-differ-by-one-character,best-time-to-buy-and-sell-stock-with-transaction-fee,0.0
kth-largest-element-in-a-stream,number-of-rectangles-that-can-form-the-largest-square,0.0
additive-number,longest-substring-of-one-repeating-character,0.0
maximum-consecutive-floors-without-special-floors,cells-in-a-range-on-an-excel-sheet,0.0
queens-that-can-attack-the-king,number-of-recent-calls,0.0
russian-doll-envelopes,minimum-time-to-visit-a-cell-in-a-grid,0.0
put-boxes-into-the-warehouse-i,pyramid-transition-matrix,0.0
bold-words-in-string,make-costs-of-paths-equal-in-a-binary-tree,0.0
game-of-nim,robot-room-cleaner,0.0
erect-the-fence,reachable-nodes-in-subdivided-graph,0.0
find-palindrome-with-fixed-length,minimum-cost-to-hire-k-workers,0.0
minimum-split-into-subarrays-with-gcd-greater-than-one,license-key-formatting,0.0
number-of-unique-categories,maximize-number-of-nice-divisors,0.0
maximum-number-of-jumps-to-reach-the-last-index,number-of-single-divisor-triplets,0.0
time-needed-to-inform-all-employees,max-consecutive-ones-ii,0.0
find-original-array-from-doubled-array,maximum-xor-product,0.0
count-pairs-whose-sum-is-less-than-target,find-the-derangement-of-an-array,0.0
flatten-2d-vector,find-the-value-of-the-partition,0.0
maximum-value-after-insertion,counting-words-with-a-given-prefix,0.0
shift-2d-grid,number-of-students-doing-homework-at-a-given-time,0.0
maximum-font-to-fit-a-sentence-in-a-screen,coin-change,0.0
boundary-of-binary-tree,swap-adjacent-in-lr-string,0.0
largest-triangle-area,buildings-with-an-ocean-view,0.0
prime-arrangements,form-array-by-concatenating-subarrays-of-another-array,0.0
count-number-of-ways-to-place-houses,put-boxes-into-the-warehouse-i,0.0
richest-customer-wealth,fizz-buzz,0.0
longest-common-subpath,maximum-number-of-robots-within-budget,0.0
shortest-cycle-in-a-graph,buildings-with-an-ocean-view,0.0
unique-email-addresses,count-numbers-with-unique-digits-ii,0.0
water-bottles-ii,longest-common-suffix-queries,0.0
maximum-rows-covered-by-columns,2-keys-keyboard,0.0
moving-average-from-data-stream,number-of-spaces-cleaning-robot-cleaned,0.0
maximum-width-of-binary-tree,find-subarrays-with-equal-sum,0.0
sum-of-values-at-indices-with-k-set-bits,check-if-a-word-occurs-as-a-prefix-of-any-word-in-a-sentence,0.0
remove-nodes-from-linked-list,count-substrings-that-differ-by-one-character,0.0
number-of-ships-in-a-rectangle,maximum-prime-difference,0.0
bomb-enemy,delete-leaves-with-a-given-value,0.0
find-the-safest-path-in-a-grid,angle-between-hands-of-a-clock,0.0
find-the-value-of-the-partition,xor-operation-in-an-array,0.0
longest-palindrome,car-fleet-ii,0.0
remove-sub-folders-from-the-filesystem,design-movie-rental-system,0.0
count-collisions-on-a-road,distinct-echo-substrings,0.0
design-an-ordered-stream,increment-submatrices-by-one,0.0
palindrome-permutation,contain-virus,0.0
minimum-cost-of-buying-candies-with-discount,find-positive-integer-solution-for-a-given-equation,0.0
next-palindrome-using-same-digits,count-negative-numbers-in-a-sorted-matrix,0.0
maximum-average-pass-ratio,find-the-sum-of-subsequence-powers,0.0
remove-all-occurrences-of-a-substring,move-sub-tree-of-n-ary-tree,0.0
check-if-number-has-equal-digit-count-and-digit-value,peeking-iterator,0.0
assign-cookies,deepest-leaves-sum,0.0
clear-digits,account-balance-after-rounded-purchase,0.0
remove-max-number-of-edges-to-keep-graph-fully-traversable,best-time-to-buy-and-sell-stock,0.0
nested-list-weight-sum,arithmetic-slices,0.0
minimum-cost-to-convert-string-i,before-and-after-puzzle,0.0
sliding-window-median,nth-digit,0.0
form-largest-integer-with-digits-that-add-up-to-target,block-placement-queries,0.0
simple-bank-system,couples-holding-hands,0.0
basic-calculator-iii,fair-candy-swap,0.0
paint-fence,maximum-score-after-splitting-a-string,0.0
maximum-xor-product,plus-one-linked-list,0.0
count-equal-and-divisible-pairs-in-an-array,sort-transformed-array,0.0
find-the-minimum-cost-array-permutation,count-pairs-of-nodes,0.0
number-of-equivalent-domino-pairs,valid-number,0.0
groups-of-strings,smallest-rotation-with-highest-score,0.0
house-robber-ii,traffic-light-controlled-intersection,0.0
equal-row-and-column-pairs,number-of-ways-to-buy-pens-and-pencils,0.0
collecting-chocolates,count-prefix-and-suffix-pairs-i,0.0
minimum-height-trees,successful-pairs-of-spells-and-potions,0.0
sort-characters-by-frequency,maximum-split-of-positive-even-integers,0.0
strings-differ-by-one-character,max-increase-to-keep-city-skyline,0.0
minimum-average-difference,count-the-number-of-consistent-strings,0.0
path-with-minimum-effort,minimum-penalty-for-a-shop,0.0
minimum-add-to-make-parentheses-valid,convert-a-number-to-hexadecimal,0.0
rotate-image,remove-all-occurrences-of-a-substring,0.0
132-pattern,best-time-to-buy-and-sell-stock-with-cooldown,0.0
increasing-triplet-subsequence,regions-cut-by-slashes,0.0
video-stitching,132-pattern,0.0
task-scheduler-ii,create-binary-tree-from-descriptions,0.0
find-the-sum-of-subsequence-powers,encode-and-decode-tinyurl,0.0
minimum-moves-to-reach-target-with-rotations,nth-magical-number,0.0
insufficient-nodes-in-root-to-leaf-paths,valid-parenthesis-string,0.0
candy,minimum-ascii-delete-sum-for-two-strings,0.0
minimum-rectangles-to-cover-points,add-binary,0.0
longest-increasing-path-in-a-matrix,count-numbers-with-unique-digits-ii,0.0
closest-fair-integer,number-of-substrings-containing-all-three-characters,0.0
count-the-number-of-powerful-integers,repeated-string-match,0.0
number-of-subarrays-with-bounded-maximum,rectangle-area,0.0
arranging-coins,baseball-game,0.0
magic-squares-in-grid,inorder-successor-in-bst-ii,0.0
diameter-of-binary-tree,maximum-score-from-performing-multiplication-operations,0.0
restore-the-array,maximum-profit-of-operating-a-centennial-wheel,0.0
check-if-move-is-legal,count-good-nodes-in-binary-tree,0.0
delete-the-middle-node-of-a-linked-list,arithmetic-slices-ii-subsequence,0.0
path-sum-iv,max-stack,0.0
sentence-screen-fitting,minimum-array-length-after-pair-removals,0.0
maximum-sum-score-of-array,rearrange-words-in-a-sentence,0.0
evaluate-reverse-polish-notation,design-graph-with-shortest-path-calculator,0.0
time-needed-to-rearrange-a-binary-string,check-if-matrix-is-x-matrix,0.0
find-all-groups-of-farmland,count-common-words-with-one-occurrence,0.0
longest-zigzag-path-in-a-binary-tree,distance-between-bus-stops,0.0
number-of-valid-words-in-a-sentence,alien-dictionary,0.0
maximum-sum-of-almost-unique-subarray,the-earliest-and-latest-rounds-where-players-compete,0.0
can-make-palindrome-from-substring,remove-trailing-zeros-from-a-string,0.0
sentence-similarity-ii,maximum-number-of-moves-in-a-grid,0.0
minimize-product-sum-of-two-arrays,random-point-in-non-overlapping-rectangles,0.0
neither-minimum-nor-maximum,count-houses-in-a-circular-street-ii,0.0
longest-nice-substring,first-missing-positive,0.0
k-highest-ranked-items-within-a-price-range,integer-break,0.0
finding-the-users-active-minutes,count-ways-to-distribute-candies,0.0
read-n-characters-given-read4-ii-call-multiple-times,groups-of-strings,0.0
robot-return-to-origin,maximize-score-after-n-operations,0.0
lexicographically-smallest-palindrome,max-consecutive-ones,0.0
maximum-ascending-subarray-sum,graph-connectivity-with-threshold,0.0
flip-binary-tree-to-match-preorder-traversal,number-of-operations-to-make-network-connected,0.0
detect-capital,nth-digit,0.0
apply-discount-to-prices,bag-of-tokens,0.0
elimination-game,match-substring-after-replacement,0.0
reverse-only-letters,number-of-subarrays-with-bounded-maximum,0.0
final-value-of-variable-after-performing-operations,smallest-range-ii,0.0
add-two-numbers,heaters,0.0
rearrange-spaces-between-words,find-array-given-subset-sums,0.0
count-visited-nodes-in-a-directed-graph,guess-the-number-using-bitwise-questions-i,0.0
random-point-in-non-overlapping-rectangles,merge-triplets-to-form-target-triplet,0.0
design-most-recently-used-queue,find-in-mountain-array,0.0
greatest-sum-divisible-by-three,booking-concert-tickets-in-groups,0.0
search-a-2d-matrix,minimum-length-of-anagram-concatenation,0.0
array-of-doubled-pairs,minimize-result-by-adding-parentheses-to-expression,0.0
minimize-deviation-in-array,check-if-an-original-string-exists-given-two-encoded-strings,0.0
minimum-absolute-difference-in-bst,longest-substring-with-at-most-k-distinct-characters,0.0
design-front-middle-back-queue,binary-tree-paths,0.0
distribute-candies-among-children-iii,first-completely-painted-row-or-column,0.0
design-hit-counter,find-palindrome-with-fixed-length,0.0
reformat-the-string,maximum-height-by-stacking-cuboids,0.0
minimum-skips-to-arrive-at-meeting-on-time,merge-sorted-array,0.0
existence-of-a-substring-in-a-string-and-its-reverse,most-beautiful-item-for-each-query,0.0
number-of-adjacent-elements-with-the-same-color,swap-for-longest-repeated-character-substring,0.0
rearrange-string-k-distance-apart,design-circular-queue,0.0
n-ary-tree-postorder-traversal,keys-and-rooms,0.0
online-stock-span,divide-chocolate,0.0
alert-using-same-key-card-three-or-more-times-in-a-one-hour-period,maximum-sum-score-of-array,0.0
distinct-subsequences-ii,minimum-lines-to-represent-a-line-chart,0.0
guess-the-word,count-numbers-with-unique-digits,0.0
find-edges-in-shortest-paths,finding-the-number-of-visible-mountains,0.0
remove-boxes,longest-harmonious-subsequence,0.0
time-to-cross-a-bridge,vowel-spellchecker,0.0
find-and-replace-pattern,divide-array-into-equal-pairs,0.0
deepest-leaves-sum,sum-of-unique-elements,0.0
design-linked-list,smallest-subsequence-of-distinct-characters,0.0
sum-game,number-of-music-playlists,0.0
car-fleet-ii,previous-permutation-with-one-swap,0.0
coin-change,reward-top-k-students,0.0
fair-candy-swap,longest-nice-substring,0.0
minimum-moves-to-spread-stones-over-grid,maximum-binary-tree,0.0
count-good-nodes-in-binary-tree,find-the-index-of-the-large-integer,0.0
minimum-window-substring,distance-between-bus-stops,0.0
available-captures-for-rook,construct-binary-tree-from-string,0.0
erect-the-fence,concatenation-of-consecutive-binary-numbers,0.0
clumsy-factorial,meeting-rooms,0.0
magic-squares-in-grid,maximum-product-of-word-lengths,0.0
strong-password-checker-ii,maximize-value-of-function-in-a-ball-passing-game,0.0
dinner-plate-stacks,best-time-to-buy-and-sell-stock,0.0
print-zero-even-odd,next-greater-node-in-linked-list,0.0
maximum-value-of-an-ordered-triplet-ii,new-21-game,0.0
kth-smallest-number-in-multiplication-table,fruit-into-baskets,0.0
design-a-file-sharing-system,form-largest-integer-with-digits-that-add-up-to-target,0.0
maximum-number-of-eaten-apples,rotate-string,0.0
optimize-water-distribution-in-a-village,k-diff-pairs-in-an-array,0.0
best-time-to-buy-and-sell-stock-iv,longest-substring-of-all-vowels-in-order,0.0
binary-search-tree-iterator-ii,find-positive-integer-solution-for-a-given-equation,0.0
count-array-pairs-divisible-by-k,my-calendar-iii,0.0
ugly-number-ii,valid-anagram,0.0
split-with-minimum-sum,4sum-ii,0.0
count-the-number-of-houses-at-a-certain-distance-ii,subtree-removal-game-with-fibonacci-tree,0.0
count-equal-and-divisible-pairs-in-an-array,check-if-string-is-decomposable-into-value-equal-substrings,0.0
minimum-degree-of-a-connected-trio-in-a-graph,partition-labels,0.0
maximum-number-of-occurrences-of-a-substring,minimum-interval-to-include-each-query,0.0
thousand-separator,find-common-elements-between-two-arrays,0.0
number-of-ships-in-a-rectangle,maximum-compatibility-score-sum,0.0
spiral-matrix-iii,minimum-flips-in-binary-tree-to-get-result,0.0
smallest-good-base,coloring-a-border,0.0
regions-cut-by-slashes,count-number-of-nice-subarrays,0.0
minimum-falling-path-sum,validate-binary-search-tree,0.0
unique-substrings-in-wraparound-string,validate-binary-search-tree,0.0
maximum-total-reward-using-operations-i,climbing-stairs,0.0
beautiful-arrangement-ii,check-if-point-is-reachable,0.0
find-elements-in-a-contaminated-binary-tree,lucky-numbers-in-a-matrix,0.0
inorder-successor-in-bst-ii,subarray-sum-equals-k,0.0
design-file-system,number-of-subsequences-that-satisfy-the-given-sum-condition,0.0
remove-vowels-from-a-string,replace-non-coprime-numbers-in-array,0.0
count-artifacts-that-can-be-extracted,reaching-points,0.0
custom-sort-string,find-edges-in-shortest-paths,0.0
nth-digit,time-based-key-value-store,0.0
random-pick-with-weight,spiral-matrix-ii,0.0
robot-bounded-in-circle,minimum-operations-to-make-the-array-k-increasing,0.0
super-pow,make-array-strictly-increasing,0.0
maximum-side-length-of-a-square-with-sum-less-than-or-equal-to-threshold,add-two-integers,0.0
remove-duplicates-from-sorted-list,vertical-order-traversal-of-a-binary-tree,0.0
painting-a-grid-with-three-different-colors,peak-index-in-a-mountain-array,0.0
design-video-sharing-platform,maximum-number-of-intersections-on-the-chart,0.0
patching-array,lfu-cache,0.0
find-if-path-exists-in-graph,design-a-number-container-system,0.0
partition-string-into-minimum-beautiful-substrings,minimum-factorization,0.0
number-of-ways-to-rearrange-sticks-with-k-sticks-visible,house-robber-iii,0.0
recover-a-tree-from-preorder-traversal,maximum-ice-cream-bars,0.0
palindrome-number,number-of-segments-in-a-string,0.0
rotate-image,restore-the-array,0.0
number-of-distinct-islands,minimum-sum-of-four-digit-number-after-splitting-digits,0.0
sort-the-jumbled-numbers,univalued-binary-tree,0.0
random-point-in-non-overlapping-rectangles,maximum-linear-stock-score,0.0
maximum-number-of-words-you-can-type,move-sub-tree-of-n-ary-tree,0.0
binary-tree-inorder-traversal,flatten-2d-vector,0.0
binary-tree-inorder-traversal,number-of-steps-to-reduce-a-number-in-binary-representation-to-one,0.0
find-the-child-who-has-the-ball-after-k-seconds,find-all-people-with-secret,0.0
next-greater-element-iii,1-bit-and-2-bit-characters,0.0
maximum-area-of-longest-diagonal-rectangle,find-resultant-array-after-removing-anagrams,0.0
car-fleet,maximum-xor-product,0.0
web-crawler,reformat-phone-number,0.0
incremental-memory-leak,minimum-cost-of-a-path-with-special-roads,0.0
the-kth-factor-of-n,rank-transform-of-an-array,0.0
build-binary-expression-tree-from-infix-expression,count-the-digits-that-divide-a-number,0.0
merge-intervals,maximum-score-after-splitting-a-string,0.0
check-knight-tour-configuration,maximum-matching-of-players-with-trainers,0.0
least-number-of-unique-integers-after-k-removals,kth-ancestor-of-a-tree-node,0.0
construct-binary-tree-from-string,rearrange-characters-to-make-target-string,0.0
find-target-indices-after-sorting-array,binary-tree-inorder-traversal,0.0
number-of-1-bits,last-stone-weight,0.0
mark-elements-on-array-by-performing-queries,minimum-time-to-remove-all-cars-containing-illegal-goods,0.0
remove-invalid-parentheses,partition-list,0.0
sort-array-by-moving-items-to-empty-space,two-sum-bsts,0.0
design-front-middle-back-queue,maximum-number-of-groups-with-increasing-length,0.0
non-negative-integers-without-consecutive-ones,find-elements-in-a-contaminated-binary-tree,0.0
middle-of-the-linked-list,distribute-elements-into-two-arrays-ii,0.0
lexicographically-smallest-equivalent-string,closest-subsequence-sum,0.0
minimize-max-distance-to-gas-station,split-array-into-consecutive-subsequences,0.0
detect-cycles-in-2d-grid,find-beautiful-indices-in-the-given-array-i,0.0
minimum-cost-tree-from-leaf-values,number-of-matching-subsequences,0.0
group-anagrams,visit-array-positions-to-maximize-score,0.0
check-if-move-is-legal,search-insert-position,0.0
partitioning-into-minimum-number-of-deci-binary-numbers,convert-the-temperature,0.0
the-number-of-full-rounds-you-have-played,nested-list-weight-sum-ii,0.0
minimum-money-required-before-transactions,count-the-number-of-good-subsequences,0.0
removing-stars-from-a-string,advantage-shuffle,0.0
combinations,create-sorted-array-through-instructions,0.0
count-collisions-on-a-road,find-critical-and-pseudo-critical-edges-in-minimum-spanning-tree,0.0
redundant-connection,find-and-replace-pattern,0.0
paint-house-iii,employee-free-time,0.0
construct-binary-tree-from-inorder-and-postorder-traversal,maximum-matrix-sum,0.0
minimum-number-of-flips-to-convert-binary-matrix-to-zero-matrix,traffic-light-controlled-intersection,0.0
queries-on-number-of-points-inside-a-circle,web-crawler,0.0
combinations,minimum-time-to-type-word-using-special-typewriter,0.0
color-the-triangle-red,soup-servings,0.0
number-of-valid-words-in-a-sentence,nested-list-weight-sum-ii,0.0
find-all-good-strings,remove-sub-folders-from-the-filesystem,0.0
cut-off-trees-for-golf-event,find-the-longest-balanced-substring-of-a-binary-string,0.0
number-complement,maximize-happiness-of-selected-children,0.0
sign-of-the-product-of-an-array,lexicographically-smallest-beautiful-string,0.0
h-index-ii,sum-of-absolute-differences-in-a-sorted-array,0.0
minimum-time-for-k-virus-variants-to-spread,maximum-average-pass-ratio,0.0
shuffle-string,sqrtx,0.0
map-of-highest-peak,time-needed-to-rearrange-a-binary-string,0.0
maximal-square,sentence-similarity-ii,0.0
remove-all-ones-with-row-and-column-flips,odd-even-linked-list,0.0
count-unguarded-cells-in-the-grid,max-number-of-k-sum-pairs,0.0
group-the-people-given-the-group-size-they-belong-to,occurrences-after-bigram,0.0
minesweeper,check-if-numbers-are-ascending-in-a-sentence,0.0
number-of-ways-to-paint-n-3-grid,product-of-array-except-self,0.0
count-the-number-of-vowel-strings-in-range,maximum-consecutive-floors-without-special-floors,0.0
rank-teams-by-votes,minimum-time-visiting-all-points,0.0
maximum-number-of-non-overlapping-palindrome-substrings,binary-watch,0.0
minimum-jumps-to-reach-home,decode-xored-permutation,0.0
maximum-product-of-splitted-binary-tree,find-closest-number-to-zero,0.0
insert-into-a-sorted-circular-linked-list,frog-jump,0.0
length-of-the-longest-alphabetical-continuous-substring,maximum-profit-in-job-scheduling,0.0
design-bounded-blocking-queue,separate-the-digits-in-an-array,0.0
maximum-size-subarray-sum-equals-k,the-skyline-problem,0.0
watering-plants,better-compression-of-string,0.0
